{
  "base": {
    "label": "Mistral-7B-base",
    "band0": 7.938794229082352,
    "instr": 6.873022531072533,
    "ratio": 1.1550659397945413
  },
  "instruct": {
    "label": "Mistral-7B-Instruct",
    "band0": 8.33482029144216,
    "instr": 7.635929998386601,
    "ratio": 1.0915265453197225
  }
}