{
  "base": {
    "label": "Yi-1.5-6B-base",
    "band0": 7.159623151497355,
    "instr": 5.3427130128751985,
    "ratio": 1.340072568794853
  },
  "instruct": {
    "label": "Yi-1.5-6B-Chat",
    "band0": 7.307754026315905,
    "instr": 5.973808295561735,
    "ratio": 1.2232990522553646
  }
}