{
  "label": "Yi-1.5-6B-base",
  "model_path": "/cache/zhangjing/models/Yi-1.5-6B",
  "n_layers": 32,
  "n_params_million": 6061.0,
  "bands": {
    "band1_factual": {
      "name": "Factual Recall",
      "channel": "engram retrieval",
      "pr": 8.01935628625012,
      "n_samples": 10,
      "hidden_dim": 4096,
      "top5_eigenvalues": [
        10133.37890625,
        8694.048828125,
        8066.798828125,
        6530.57275390625,
        6178.82763671875
      ],
      "elapsed_s": 0.58
    },
    "band2_instruction": {
      "name": "Instruction Following",
      "channel": "constraint processing",
      "pr": 4.61366856104722,
      "n_samples": 10,
      "hidden_dim": 4096,
      "top5_eigenvalues": [
        15359.6767578125,
        7064.513671875,
        4107.6484375,
        3304.330078125,
        2547.329833984375
      ],
      "elapsed_s": 0.3
    },
    "band3_creative": {
      "name": "Creative Generation",
      "channel": "open generation",
      "pr": 3.540619568293902,
      "n_samples": 10,
      "hidden_dim": 4096,
      "top5_eigenvalues": [
        12172.4482421875,
        3543.262939453125,
        2390.802001953125,
        1629.28173828125,
        1446.12353515625
      ],
      "elapsed_s": 0.29
    },
    "band4_code": {
      "name": "Code / Logic",
      "channel": "logical reasoning",
      "pr": 4.930213202953444,
      "n_samples": 10,
      "hidden_dim": 4096,
      "top5_eigenvalues": [
        10513.8525390625,
        4798.68212890625,
        4174.98388671875,
        2624.74072265625,
        1945.84912109375
      ],
      "elapsed_s": 0.29
    },
    "band5_dialogue": {
      "name": "Multi-turn Dialogue",
      "channel": "context maintenance",
      "pr": 6.825129719861648,
      "n_samples": 10,
      "hidden_dim": 4096,
      "top5_eigenvalues": [
        6202.4853515625,
        4995.39013671875,
        3997.978271484375,
        3120.083984375,
        1949.989990234375
      ],
      "elapsed_s": 0.3
    },
    "band6_counterfactual": {
      "name": "Counterfactual Reasoning",
      "channel": "OOD generalization",
      "pr": 4.117458669774483,
      "n_samples": 10,
      "hidden_dim": 4096,
      "top5_eigenvalues": [
        10936.203125,
        3461.154052734375,
        2548.85546875,
        1852.532958984375,
        1684.6396484375
      ],
      "elapsed_s": 0.29
    },
    "band7_safety": {
      "name": "Safety Boundary",
      "channel": "RL specialization",
      "pr": 5.8538303424591085,
      "n_samples": 10,
      "hidden_dim": 4096,
      "top5_eigenvalues": [
        9387.361328125,
        4660.3916015625,
        3448.502685546875,
        2940.5478515625,
        2556.580322265625
      ],
      "elapsed_s": 0.29
    }
  },
  "depth_profiles": {
    "band1_factual": [
      5.574419654186185,
      1.0008710779002126,
      1.0020344530767658,
      1.0038784344361367,
      1.0069046207305612,
      1.0116370979740144,
      1.0177341097016874,
      1.028610265953759,
      8.01585541493599,
      8.079059227271278,
      8.10114847236791,
      8.180525436138169,
      8.255462220672083,
      8.291648402663501,
      8.221736469420195,
      8.235232499454943,
      8.129935572064209,
      7.763093500673679,
      8.032805099383706,
      7.97484347083881,
      7.968647814777374,
      7.765141448612575,
      8.23506518868279,
      8.460512758658046,
      8.416954413682896,
      8.400170998676689,
      8.198900667541169,
      8.099175678943343,
      8.080301504715775,
      8.069113208596459,
      8.105068789082909,
      8.01935628625012
    ],
    "band2_instruction": [
      1.820679960995061,
      1.0001603971805013,
      1.000386860220326,
      1.00085758543074,
      1.001381621776809,
      1.0033521091420454,
      1.0049495264859574,
      1.0075154882463666,
      4.931338911778335,
      6.3957117848261635,
      6.692931238070319,
      6.8414763057253865,
      7.0437052063442644,
      7.14540465183167,
      7.26886566753678,
      7.486311302700867,
      7.430541913795542,
      7.172058919490769,
      7.28777884158815,
      7.418909259055135,
      7.168147933014345,
      7.085219940415526,
      7.161575464224803,
      6.95679555570753,
      6.975324019466357,
      7.028033623282411,
      6.973681914336001,
      6.960224162511975,
      7.0855671424267035,
      7.0405888987395295,
      6.85953042580805,
      4.61366856104722
    ],
    "band3_creative": [
      2.1417007477674463,
      1.0000266469315404,
      1.0000565076633903,
      1.0001006700027673,
      1.0001717844764615,
      1.0004759719467606,
      1.0006525931197459,
      1.0011381567431061,
      2.512097215314666,
      4.9512418020108875,
      7.034864160849119,
      7.674946805726861,
      7.827301358247462,
      7.87882708769973,
      7.825870880731355,
      7.7441636612388685,
      7.712962535149171,
      7.296675406557957,
      6.647987824891244,
      6.481531152802208,
      6.220717340976468,
      6.046041422990058,
      6.057440865128453,
      5.916156089425109,
      5.847125097565654,
      5.994428879059936,
      6.162687897175901,
      6.295766815569993,
      6.36069106601658,
      6.401710713728011,
      5.868295385108585,
      3.540619568293902
    ],
    "band4_code": [
      1.834273260875378,
      1.0000487553275372,
      1.000108629187104,
      1.0002022987191894,
      1.0003538609822102,
      1.0007469857674447,
      1.0011063655636654,
      1.001762623457596,
      2.266804620267024,
      4.787450785386358,
      6.067659653191435,
      6.465263773299963,
      7.060961764449961,
      7.075588282490953,
      6.844852537840964,
      6.666899553517309,
      6.22179476225547,
      5.885120502131501,
      5.8655681814688405,
      5.805601374198196,
      5.275550489878657,
      5.330469324213832,
      5.407965156734162,
      5.322978440654764,
      5.314153599771701,
      5.4005713077823945,
      5.117083217031325,
      5.179666307680961,
      5.3314023892636255,
      5.346777662832524,
      5.443514706706278,
      4.930213202953444
    ],
    "band5_dialogue": [
      1.7286641702682668,
      2.0283356228272202,
      4.097432419846665,
      4.92621450678717,
      5.496523898692774,
      6.90562725703103,
      6.9506575220788305,
      7.301535049179541,
      7.307479067440571,
      7.437396624742517,
      7.853881800056383,
      7.8325539642388,
      8.03613756664683,
      8.085608206174276,
      7.983766406729024,
      7.785500849138648,
      7.735223573663234,
      7.541633571655905,
      7.714793914071749,
      7.676520270705019,
      7.503117462276627,
      7.4215244907444236,
      7.193274908431788,
      7.101605041286204,
      6.937784958290946,
      6.766041193394807,
      6.671725815075975,
      6.6957100664853915,
      6.731897967610287,
      6.808439896935938,
      6.979814023645092,
      6.825129719861648
    ],
    "band6_counterfactual": [
      2.3039084363609006,
      1.0001440108031368,
      1.000278078569027,
      1.0004928257474262,
      1.000742778630801,
      1.0017205031401564,
      1.0024641445079525,
      1.0049121895108786,
      4.576893301447233,
      6.183911043392749,
      6.731927277703138,
      6.791856297267559,
      7.026770401038314,
      7.043687920339163,
      7.031422513191094,
      7.008514153575107,
      7.044043678737919,
      6.759215024269603,
      6.167764869507138,
      5.842619751572457,
      5.24144556016171,
      5.25726893813651,
      5.211812713400116,
      5.14385602986705,
      5.451998855008376,
      5.781314042601479,
      5.8318641587006965,
      6.144960877969307,
      6.35734540211124,
      6.478923774071587,
      6.430880759147197,
      4.117458669774483
    ],