{
  "label": "Qwen3-1.7B-base",
  "model_path": "/cache/zhangjing/models/Qwen3-1.7B",
  "n_layers": 28,
  "n_params_million": 1720.6,
  "bands": {
    "band1_factual": {
      "name": "Factual Recall",
      "channel": "engram retrieval",
      "pr": 6.974527001974666,
      "n_samples": 10,
      "hidden_dim": 2048,
      "top5_eigenvalues": [
        643097.25,
        520302.78125,
        356432.875,
        321810.96875,
        255247.71875
      ],
      "elapsed_s": 0.59
    },
    "band2_instruction": {
      "name": "Instruction Following",
      "channel": "constraint processing",
      "pr": 6.687372606309927,
      "n_samples": 10,
      "hidden_dim": 2048,
      "top5_eigenvalues": [
        324146.0625,
        253471.859375,
        199325.984375,
        128345.515625,
        107115.0390625
      ],
      "elapsed_s": 0.35
    },
    "band3_creative": {
      "name": "Creative Generation",
      "channel": "open generation",
      "pr": 6.727822168428678,
      "n_samples": 10,
      "hidden_dim": 2048,
      "top5_eigenvalues": [
        218080.59375,
        151188.609375,
        108656.65625,
        92364.546875,
        73141.90625
      ],
      "elapsed_s": 0.33
    },
    "band4_code": {
      "name": "Code / Logic",
      "channel": "logical reasoning",
      "pr": 6.34566796986661,
      "n_samples": 10,
      "hidden_dim": 2048,
      "top5_eigenvalues": [
        306970.875,
        196189.8125,
        147043.921875,
        104681.484375,
        91028.6484375
      ],
      "elapsed_s": 0.4
    },
    "band5_dialogue": {
      "name": "Multi-turn Dialogue",
      "channel": "context maintenance",
      "pr": 5.031212896075413,
      "n_samples": 10,
      "hidden_dim": 2048,
      "top5_eigenvalues": [
        388645.90625,
        160930.4375,
        140634.28125,
        101115.8359375,
        66495.171875
      ],
      "elapsed_s": 0.35
    },
    "band6_counterfactual": {
      "name": "Counterfactual Reasoning",
      "channel": "OOD generalization",
      "pr": 7.2794363234569595,
      "n_samples": 10,
      "hidden_dim": 2048,
      "top5_eigenvalues": [
        104494.1015625,
        93547.765625,
        70913.3203125,
        68677.8359375,
        51515.94140625
      ],
      "elapsed_s": 0.33
    },
    "band7_safety": {
      "name": "Safety Boundary",
      "channel": "RL specialization",
      "pr": 6.485222180599372,
      "n_samples": 10,
      "hidden_dim": 2048,
      "top5_eigenvalues": [
        228682.8125,
        179262.9375,
        115405.3203125,
        106378.4296875,
        65258.83203125
      ],
      "elapsed_s": 0.4
    }
  },
  "depth_profiles": {
    "band1_factual": [
      6.529753461680799,
      6.962668701797687,
      7.199641905195577,
      7.449896090242345,
      7.285607958985377,
      7.6512983110553225,
      7.733423481901418,
      7.1505356321455205,
      7.756687957232188,
      7.201696060945727,
      5.535696214575372,
      5.526562179426133,
      5.948936222338921,
      6.155709446624207,
      7.75410471316624,
      7.623143116254751,
      7.509381599272773,
      7.667201340511621,
      7.791418956109974,
      7.821286503923921,
      7.926292300436437,
      7.183317488834267,
      7.29990991421472,
      6.534734832226614,
      6.661852726539678,
      6.710603159703387,
      6.67784677497494,
      6.974527001974666
    ],
    "band2_instruction": [
      1.5556962747539813,
      2.2886721982480127,
      2.7698546918117937,
      3.5676036306796273,
      3.1426619006443404,
      3.18224651075263,
      4.409556031459003,
      4.861434878595808,
      5.529259958723953,
      5.525103408433524,
      6.057958740949525,
      6.087597768019315,
      6.44495293653013,
      6.447751921523058,
      6.47685338466022,
      6.493495551458543,
      5.675783950561651,
      6.000304244755477,
      6.3592248990560645,
      6.052485402804114,
      6.261878378882922,
      6.601591752832327,
      6.847325789160072,
      6.761417292457132,
      6.923040392075192,
      7.140797070686067,
      7.224167353797043,
      6.687372606309927
    ],
    "band3_creative": [
      2.332458840787573,
      2.8029176462396053,
      3.510419278996321,
      4.400840374245905,
      4.349930143613123,
      5.062620327715459,
      5.936964029031729,
      6.5563831421978,
      6.623012975697589,
      7.479141152865971,
      7.333966979375296,
      7.298090977039746,
      7.29060228850441,
      7.306479113262153,
      7.361283615885297,
      7.4047147704221725,
      7.379029022789817,
      7.179153355525233,
      7.168118878437808,
      7.046709499867771,
      7.081503952623911,
      6.865101491788219,
      7.004897799336255,
      6.992532576758475,
      7.0619058508637,
      7.138374294330355,
      7.280315964297367,
      6.727822168428678
    ],
    "band4_code": [
      1.8699611451663645,
      2.624846643126614,
      3.4032082454134844,
      4.079339106165399,
      4.406691146694264,
      4.99815230120743,
      5.741009042522316,
      6.275364045016284,
      6.450835805443139,
      6.718408849030545,
      6.981780280996255,
      6.718950916329981,
      6.907908954893751,
      6.8610962974663785,
      6.983539380570464,
      7.00515270234584,
      6.291565061886236,
      5.531964144349982,
      5.390121834882345,
      5.24770040305259,
      5.54901765889803,
      5.984757607329431,
      6.342181500561563,
      6.3498520538054235,
      6.403005076148615,
      6.486308412264044,
      6.580811769995179,
      6.34566796986661
    ],
    "band5_dialogue": [
      1.3889659017606202,
      2.108795056745317,
      2.885924080038055,
      3.907090258101902,
      4.512395243827678,
      5.383327754906133,
      6.38957256978906,
      7.359245554909966,
      7.650636510423711,
      7.362915791232956,
      7.428127413666011,
      7.247298924682933,
      7.544198686553933,
      7.581971732660143,
      7.57408703117047,
      7.557462180630217,
      6.9684334278494875,
      6.319806751065585,
      6.561514233642773,
      6.365008359014604,
      6.200970308151489,
      6.188776387695606,
      6.0759433490512755,
      6.2327026690076295,
      6.294602480185525,
      6.439278542563408,
      6.541235269166133,
      5.031212896075413
    ],
    "band6_counterfactual": [
      2.227638844284924,
      3.9278677768468584,
      4.784567682852467,
      5.988208122446751,
      5.604974222492545,
      5.66978023539791,
      6.2037535599191,
      6.426933232190982,
      6.324345938145746,
      6.67380836087371,
      6.976526229231815,
      7.016171770663943,
      7.082136402236566,
      6.864577753536758,
      6.905594782908132,
      7.003798205916081,
      6.517067662472466,
      6.342190798322542,
      6.4892289898729105,
      6.452171442055562,
      6.375091135664871,
      6.553536139430488,
      6.686761343496869,
      6.823627538328633,
      6.9071630693083215,
      7.08920446050685,
      7.302792989286622,
      7.2794363234569595
    ],
    "band7_safety": [
      1.4738393849807794,
      1.822827942000205,
      2.2351781023313486,
      3.1516127827674834,
      3.460934045145537,
      3.9869068757867496,
      4.908966576253064,
      5.998723517030613,
      6.277505724363187,
      6.804968634032165,
      6.9712360887938365,
      6.973652653994048,
      7.349938069113837,
      7.431900761683454,
      7.43530342332528,
      7.441827167117669,
      6.517596060653441,
      5.301440684717429,
      5.623028903813743,
      5.637445009027128,
      5.636870820786921,
      5.716561132828974,
      5.952651623060761,
      6.034616904318583,
      6.467092093051392,
      6.774535893027881,
      6.819726271687203,
      6.485222180599372
    ]
  },
  "total_elapsed_s": 76.8,
  "summary": {
    "mean_pr": 6.50446587810166,
    "std_pr": 0.6655761198933555,
    "max_pr": 7.2794363234569595,
    "min_pr": 5.031212896075413,