{
  "label": "Qwen2.5-7B-base",
  "model_path": "/cache/zhangjing/models/Qwen2.5-7B",
  "n_layers": 28,
  "n_params_million": 7615.6,
  "bands": {
    "band1_factual": {
      "name": "Factual Recall",
      "channel": "engram retrieval",
      "pr": 5.884819618190282,
      "n_samples": 10,
      "hidden_dim": 3584,
      "top5_eigenvalues": [
        68176.4140625,
        29027.73828125,
        26157.189453125,
        24246.7890625,
        18466.27734375
      ],
      "elapsed_s": 0.72
    },
    "band2_instruction": {
      "name": "Instruction Following",
      "channel": "constraint processing",
      "pr": 6.677537811468938,
      "n_samples": 10,
      "hidden_dim": 3584,
      "top5_eigenvalues": [
        34361.41015625,
        29878.87109375,
        21491.6953125,
        13894.7958984375,
        12760.12890625
      ],
      "elapsed_s": 0.96
    },
    "band3_creative": {
      "name": "Creative Generation",
      "channel": "open generation",
      "pr": 7.264327709355286,
      "n_samples": 10,
      "hidden_dim": 3584,
      "top5_eigenvalues": [
        18854.470703125,
        15837.3193359375,
        12950.2431640625,
        9425.755859375,
        8847.8740234375
      ],
      "elapsed_s": 0.36
    },
    "band4_code": {
      "name": "Code / Logic",
      "channel": "logical reasoning",
      "pr": 6.484641075964629,
      "n_samples": 10,
      "hidden_dim": 3584,
      "top5_eigenvalues": [
        25683.6640625,
        20007.453125,
        13179.5888671875,
        10605.6416015625,
        9488.306640625
      ],
      "elapsed_s": 1.39
    },
    "band5_dialogue": {
      "name": "Multi-turn Dialogue",
      "channel": "context maintenance",
      "pr": 6.269019205179491,
      "n_samples": 10,
      "hidden_dim": 3584,
      "top5_eigenvalues": [
        25322.75,
        12789.580078125,
        11543.0283203125,
        8892.6591796875,
        7400.38037109375
      ],
      "elapsed_s": 0.94
    },
    "band6_counterfactual": {
      "name": "Counterfactual Reasoning",
      "channel": "OOD generalization",
      "pr": 6.563986137896495,
      "n_samples": 10,
      "hidden_dim": 3584,
      "top5_eigenvalues": [
        18358.73046875,
        12561.6767578125,
        9124.763671875,
        7512.51123046875,
        7051.677734375
      ],
      "elapsed_s": 1.07
    },
    "band7_safety": {
      "name": "Safety Boundary",
      "channel": "RL specialization",
      "pr": 6.991938575707673,
      "n_samples": 10,
      "hidden_dim": 3584,
      "top5_eigenvalues": [
        21953.228515625,
        13723.3466796875,
        9800.296875,
        8291.87109375,
        7661.6650390625
      ],
      "elapsed_s": 1.12
    }
  },
  "depth_profiles": {
    "band1_factual": [
      7.049037487867146,
      6.418955525474361,
      7.024384788650402,
      8.01095957269113,
      7.4332531758631974,
      7.621629166156794,
      7.786088494693147,
      8.159129144316992,
      8.333775286946988,
      8.317888328410682,
      8.301689880097841,
      8.263646775925876,
      8.24095300364109,
      8.271431640950343,
      8.282324010072562,
      8.211738696154038,
      8.192531624554318,
      8.265968957113952,
      8.227036879217918,
      8.12526530039678,
      8.135746514739447,
      8.241352329845991,
      8.25196300598137,
      8.25789927516924,
      8.050265283015907,
      7.984610824208065,
      8.055177231301208,
      5.884819618190282
    ],
    "band2_instruction": [
      1.672455919007778,
      2.541463746883801,
      2.8710131083578,
      3.756408067378742,
      3.9573276901514163,
      4.03919835803436,
      3.853116232610691,
      4.341909131644342,
      5.035762855323438,
      4.943240837070012,
      4.844631462406788,
      4.940892239554779,
      4.978513101844587,
      5.286647072614651,
      5.78843966211783,
      5.617476482720061,
      6.219582743094186,
      6.299181409125247,
      6.406169590383963,
      7.106221694528033,
      7.200347013868265,
      7.301829911432631,
      7.334301987227804,
      7.223543889069631,
      6.912551363424956,
      6.724586262592692,
      6.675011607574844,
      6.677537811468938
    ],
    "band3_creative": [
      2.558619602478621,
      2.601432893409431,
      3.475339947949966,
      4.874363764951112,
      4.682743599812921,
      4.860673354731672,
      4.679673306839821,
      5.5342215256457825,
      5.777531707570918,
      5.924649355470044,
      5.970191622118257,
      6.2540125215526166,
      6.502854090455862,
      6.721767280142567,
      6.359897051115888,
      6.457317826442276,
      6.554563749738691,
      6.450291739532966,
      6.7898221387039595,
      6.877346134768472,
      6.769399854556062,
      6.759643415618524,
      6.906763713516979,
      6.97515253068222,
      7.1407506676623935,
      7.20279034068582,
      7.246825443169216,
      7.264327709355286
    ],
    "band4_code": [
      2.260113798394538,
      2.9364654854405727,
      3.9485743554224624,
      4.88250147181512,
      5.174850662288544,
      5.248298351376406,
      5.296770463471534,
      5.782262863818422,
      6.399361252633977,
      6.555063201855786,
      6.4354217772743985,
      6.5059455152095085,
      6.271539464661432,
      6.15771404306278,
      5.781071290937787,
      5.48589710047677,
      5.4869942077865,
      5.482676594189941,
      5.665669131999441,
      5.7558150500685885,
      5.927347686598801,
      6.255290278696539,
      6.709165971998494,
      6.845564408494586,
      6.849311034450309,
      7.107466089984025,
      7.191875387933855,
      6.484641075964629
    ],
    "band5_dialogue": [
      1.896421094797231,
      3.125492657011189,
      4.064990825074102,
      5.177721720476536,
      5.946620422997161,
      5.809444744247582,
      6.450301251249301,
      6.699790622277503,
      6.871202571453226,
      6.680805893691595,
      6.74863573486325,
      7.006665859665333,
      6.941165042603402,
      7.082899267612667,
      6.787394659274029,
      6.742408892540078,
      6.799499552485008,
      6.626450072888664,
      6.498236115692729,
      6.534285727053853,
      6.569901737109276,
      6.60304672913007,
      6.649531079685212,
      6.909945728812098,
      7.08138015663326,
      7.126475790555424,
      7.117348158741602,
      6.269019205179491
    ],
    "band6_counterfactual": [
      4.016394415238013,
      4.672640631948594,
      5.419842507392516,
      5.780804926481004,
      5.784286464331517,
      6.046960107522646,
      6.344640150551169,
      6.248208198890827,
      6.5233932705592474,
      6.70084023448495,
      6.599915041670695,
      6.715357557616516,
      6.648934238712567,
      6.59997493193766,
      6.424985530743951,
      5.997967605159516,
      5.822054259525342,
      5.636750433887596,
      5.729638659496747,
      5.56377309015999,
      5.290776895322556,
      5.182837287943928,
      5.623276198107479,
      5.647264125241825,
      5.949251343714358,
      6.022087697021797,
      6.840841638065217,
      6.563986137896495
    ],
    "band7_safety": [
      1.7359017575658924,
      2.4111825310891035,
      2.9267551776754885,
      3.6378095827474763,
      3.9436854879104355,
      4.181182988825491,
      4.54963795697124,
      5.223126957363051,
      5.824924872281223,
      5.914432433237742,
      5.87849459559998,
      6.120023184698688,
      6.084492497958931,
      6.370869352753373,
      6.17937674604479,
      6.103410750306935,
      6.153056608644388,
      6.082216741229549,
      6.072025587016972,
      5.793499054908823,
      5.829712855447909,
      5.805882403338507,
      6.535524379823312,
      6.877370137395422,
      7.151295502450429,
      7.245095343150017,
      7.729646717345109,
      6.991938575707673
    ]
  },
  "total_elapsed_s": 97.5,
  "summary": {
    "mean_pr": 6.590895733394684,
    "std_pr": 0.42020658112463255,
    "max_pr": 7.264327709355286,