{
  "label": "Yi-1.5-6B-Chat",
  "model_path": "/cache/zhangjing/models/Yi-1.5-6B-Chat",
  "n_layers": 32,
  "n_params_million": 6061.0,
  "bands": {
    "band1_factual": {
      "name": "Factual Recall",
      "channel": "engram retrieval",
      "pr": 8.021205639673216,
      "n_samples": 10,
      "hidden_dim": 4096,
      "top5_eigenvalues": [
        13597.28125,
        9577.0087890625,
        9437.1982421875,
        8094.11181640625,
        7555.53662109375
      ],
      "elapsed_s": 0.6
    },
    "band2_instruction": {
      "name": "Instruction Following",
      "channel": "constraint processing",
      "pr": 6.685669031149526,
      "n_samples": 10,
      "hidden_dim": 4096,
      "top5_eigenvalues": [
        12219.57421875,
        6819.6513671875,
        5865.833984375,
        5231.13525390625,
        3663.665283203125
      ],
      "elapsed_s": 0.35
    },
    "band3_creative": {
      "name": "Creative Generation",
      "channel": "open generation",
      "pr": 7.268490672197065,
      "n_samples": 10,
      "hidden_dim": 4096,
      "top5_eigenvalues": [
        5991.779296875,
        4897.1513671875,
        3589.209228515625,
        2767.4892578125,
        2576.78564453125
      ],
      "elapsed_s": 0.3
    },
    "band4_code": {
      "name": "Code / Logic",
      "channel": "logical reasoning",
      "pr": 6.960622866097916,
      "n_samples": 10,
      "hidden_dim": 4096,
      "top5_eigenvalues": [
        4800.05615234375,
        3436.288818359375,
        2524.40478515625,
        2116.435791015625,
        1814.21044921875
      ],
      "elapsed_s": 0.29
    },
    "band5_dialogue": {
      "name": "Multi-turn Dialogue",
      "channel": "context maintenance",
      "pr": 6.928134303767821,
      "n_samples": 10,
      "hidden_dim": 4096,
      "top5_eigenvalues": [
        7141.0478515625,
        6435.599609375,
        4254.21923828125,
        3354.49169921875,
        2994.351318359375
      ],
      "elapsed_s": 0.29
    },
    "band6_counterfactual": {
      "name": "Counterfactual Reasoning",
      "channel": "OOD generalization",
      "pr": 7.322627806829319,
      "n_samples": 10,
      "hidden_dim": 4096,
      "top5_eigenvalues": [
        4765.9755859375,
        4071.916259765625,
        3260.818359375,
        2816.148681640625,
        1971.63134765625
      ],
      "elapsed_s": 0.3
    },
    "band7_safety": {
      "name": "Safety Boundary",
      "channel": "RL specialization",
      "pr": 7.753787114403462,
      "n_samples": 10,
      "hidden_dim": 4096,
      "top5_eigenvalues": [
        4951.6240234375,
        4465.7763671875,
        3876.80419921875,
        3025.404541015625,
        2560.456787109375
      ],
      "elapsed_s": 0.29
    }
  },
  "depth_profiles": {
    "band1_factual": [
      5.889267866236673,
      1.0012565674832277,
      1.0034813988068252,
      1.006676473278505,
      1.0116975720570969,
      1.019356977726715,
      1.0292393565170617,
      1.0471913426288726,
      6.863872994913219,
      7.968263836982612,
      8.24765640559347,
      8.416001788847073,
      8.452380252845318,
      8.507751613842258,
      8.461472511135678,
      8.390804393149164,
      8.31499665073396,
      8.029851575171929,
      8.06708207592854,
      8.069628445883811,
      8.03177951319741,
      7.999464859740033,
      8.326914853211118,
      8.491245656075169,
      8.445664984363773,
      8.39709760272726,
      8.27138367259842,
      8.21973478240705,
      8.117758864005625,
      8.18082793692839,
      8.154381730793226,
      8.021205639673216
    ],
    "band2_instruction": [
      1.8716771864658435,
      1.0002487603538563,
      1.0006442280702934,
      1.0013768079183647,
      1.0023038900416998,
      1.0054274742276001,
      1.0081372557065045,
      1.011962926586157,
      4.334528316615596,
      6.085367267679743,
      6.949803983473898,
      7.344608034322273,
      7.609350488143748,
      7.741663483963409,
      7.87842243378289,
      7.938670565689648,
      8.0443177545267,
      7.900713477988147,
      8.042124586166906,
      8.055000052032955,
      8.079823037765784,
      8.04214470559873,
      8.171892957540186,
      8.168119142508102,
      8.207562318727113,
      8.241481117127684,
      8.17837862118141,
      8.16207679826417,
      8.25343020015107,
      8.01057693976694,
      7.9737380008457475,
      6.685669031149526
    ],
    "band3_creative": [
      2.3258659052013693,
      1.00003948926566,
      1.0000860578379125,
      1.0001800655099962,
      1.0003258904113543,
      1.0008490289547458,
      1.0011711165493615,
      1.0020156170876486,
      1.8696947352818958,
      3.289433732019929,
      4.896461653597437,
      6.326229629024987,
      7.527254709168275,
      7.886103828145335,
      8.029909045278211,
      8.065064990883512,
      8.04675146453095,
      7.978211626422602,
      7.882373551860256,
      7.789200917252659,
      7.655476666195951,
      7.61819524261824,
      7.632986837391735,
      7.599740342453494,
      7.587736407032657,
      7.676769847673536,
      7.764905490436967,
      7.771874190722214,
      7.851963508891616,
      7.941414007136941,
      7.97664016617073,
      7.268490672197065
    ],
    "band4_code": [
      2.029657822264504,
      1.0000769760133077,
      1.0001965611871433,
      1.0003869180243177,
      1.000638802531323,
      1.001176084124852,
      1.0017009270481512,
      1.0027111859965587,
      1.8349075203016125,
      3.174643297849393,
      4.518499933690974,
      5.513350998230793,
      6.876790916826391,
      7.006581267844902,
      6.942274049094379,
      7.204613138893787,
      7.335204776480389,
      7.3447843442366505,
      7.3499685242329615,
      7.0410224237292836,
      6.578987718179595,
      6.473055289392409,
      6.624491700255513,
      6.387117832256101,
      6.56114884496272,
      6.68037289567431,
      6.662629628950138,
      6.857579565096311,
      6.990408907706387,
      7.02342399494875,
      7.213225286606638,
      6.960622866097916
    ],
    "band5_dialogue": [
      1.8681656999422904,
      2.2628693671309676,
      4.555234399427371,
      5.516545454608402,
      6.18441819337839,
      7.345671075316112,
      7.5444924763482,
      7.826230836087452,
      7.906681221741454,
      7.885216916853413,
      8.055672462256041,
      8.085588523583331,
      8.194844924100376,
      8.094757676359478,
      8.14038803097335,
      8.07217374109409,
      8.062500326705798,
      7.957760390005679,
      8.097668293878986,
      8.103589561658895,
      8.100388241644643,
      8.0971737474686,
      7.956423898035756,
      7.856300885566289,
      7.654609388713012,
      7.317959796956836,
      7.172840312045586,
      7.20066156743762,
      7.186121432140734,
      7.2468248408812785,
      7.268478467425104,
      6.928134303767821
    ],
    "band6_counterfactual": [
      2.475116058491276,
      1.0002229520498374,
      1.000560544027868,
      1.0010309055140256,
      1.0015878625854406,
      1.0035618364318444,
      1.0050557376895555,
      1.0094700201907976,
      3.8673219459959913,
      6.118545883226627,
      6.949925851407877,
      6.747404319687416,
      6.802238644328386,
      7.12070154980802,
      7.293353698512667,
      7.564899840420125,
      7.662343137393453,
      7.490813253812745,
      7.621218186841564,
      7.654941414715603,
      7.437155499171585,
      7.514704976655119,
      7.467057986440586,
      7.465319826277972,
      7.5052857433396865,
      7.552310654357155,
      7.596770627520173,
      7.629029089105315,
      7.64065266644712,
      7.7450515796079324,
      7.803424176192841,
      7.322627806829319
    ],