{
  "label": "Qwen3-0.6B-base",
  "model_path": "/cache/zhangjing/models/Qwen3-0.6B",
  "n_layers": 28,
  "n_params_million": 596.0,
  "bands": {
    "band1_factual": {
      "name": "Factual Recall",
      "channel": "engram retrieval",
      "pr": 7.070735505504555,
      "n_samples": 10,
      "hidden_dim": 1024,
      "top5_eigenvalues": [
        28396.857421875,
        19873.228515625,
        18573.59375,
        16073.529296875,
        12249.36328125
      ],
      "elapsed_s": 0.64
    },
    "band2_instruction": {
      "name": "Instruction Following",
      "channel": "constraint processing",
      "pr": 5.873958754177566,
      "n_samples": 10,
      "hidden_dim": 1024,
      "top5_eigenvalues": [
        12419.103515625,
        8169.3212890625,
        5291.95263671875,
        3476.043212890625,
        3120.068115234375
      ],
      "elapsed_s": 0.32
    },
    "band3_creative": {
      "name": "Creative Generation",
      "channel": "open generation",
      "pr": 7.110368234491011,
      "n_samples": 10,
      "hidden_dim": 1024,
      "top5_eigenvalues": [
        5933.88232421875,
        4708.8251953125,
        3737.6162109375,
        2669.2626953125,
        2492.8876953125
      ],
      "elapsed_s": 0.32
    },
    "band4_code": {
      "name": "Code / Logic",
      "channel": "logical reasoning",
      "pr": 6.630240651966542,
      "n_samples": 10,
      "hidden_dim": 1024,
      "top5_eigenvalues": [
        9082.111328125,
        6998.150390625,
        4974.05615234375,
        3825.39501953125,
        3248.4580078125
      ],
      "elapsed_s": 0.38
    },
    "band5_dialogue": {
      "name": "Multi-turn Dialogue",
      "channel": "context maintenance",
      "pr": 5.979593760395471,
      "n_samples": 10,
      "hidden_dim": 1024,
      "top5_eigenvalues": [
        13735.330078125,
        7555.66162109375,
        5303.46630859375,
        4414.0595703125,
        3639.447021484375
      ],
      "elapsed_s": 0.39
    },
    "band6_counterfactual": {
      "name": "Counterfactual Reasoning",
      "channel": "OOD generalization",
      "pr": 6.897538667979982,
      "n_samples": 10,
      "hidden_dim": 1024,
      "top5_eigenvalues": [
        3711.470458984375,
        2838.316650390625,
        2361.6162109375,
        2171.5322265625,
        1413.2242431640625
      ],
      "elapsed_s": 0.33
    },
    "band7_safety": {
      "name": "Safety Boundary",
      "channel": "RL specialization",
      "pr": 6.246934677693583,
      "n_samples": 10,
      "hidden_dim": 1024,
      "top5_eigenvalues": [
        8035.716796875,
        4263.1962890625,
        3361.410400390625,
        3056.25390625,
        2229.81689453125
      ],
      "elapsed_s": 0.39
    }
  },
  "depth_profiles": {
    "band1_factual": [
      6.49754637979262,
      6.784005066331548,
      6.898750384682871,
      6.9118327226772776,
      6.9966557119141815,
      7.263978972478105,
      7.411409327237454,
      7.482577124222146,
      7.714334239643185,
      7.533782454708114,
      5.140892352298364,
      5.930028959431324,
      5.80438132885184,
      5.680710840219771,
      7.574592198930697,
      7.51037255668953,
      7.370323540956669,
      7.634375266663458,
      7.594358975287388,
      7.7428809183462395,
      7.7981933065272555,
      7.583613129280507,
      7.455135763644375,
      7.422437716200985,
      7.256430250567078,
      7.414069047863928,
      7.286399631913098,
      7.070735505504555
    ],
    "band2_instruction": [
      1.2719032703477207,
      1.857797765423583,
      2.3388211960665704,
      3.3634933938038447,
      2.888455104400076,
      3.1498576474815727,
      3.578613318769321,
      4.286270340968887,
      4.756622897450459,
      5.032648005591915,
      6.196248866428798,
      5.794767854272354,
      5.887669285240132,
      5.98189577108513,
      5.699565049202643,
      5.840143908793186,
      4.706910029266895,
      4.753985977142762,
      4.77602732131082,
      4.761381805605315,
      4.886452381749138,
      4.9269419673177675,
      5.113673571114381,
      5.156529583657301,
      5.293425608931756,
      5.851643328447688,
      6.238354970463889,
      5.873958754177566
    ],
    "band3_creative": [
      1.7128199063796687,
      2.2551842837348697,
      3.073602749331464,
      3.8639168616114263,
      3.597139656982381,
      4.434737081323337,
      5.130859083093593,
      5.946166566526176,
      5.959790097826551,
      6.605694413458831,
      7.135468300221601,
      6.912027834976929,
      7.030668166660496,
      6.952510613741853,
      6.905446199484663,
      6.9813042069476285,
      6.775259853459447,
      6.39326551165252,
      6.5668019033043175,
      6.45974581614661,
      6.7832896325516705,
      6.81785001566933,
      6.873264458745829,
      6.853264486536129,
      7.014530177599747,
      7.311787748087764,
      7.399834865268299,
      7.110368234491011
    ],
    "band4_code": [
      1.5889374824687514,
      2.2281548355803698,
      3.0632034993964745,
      4.376329786261074,
      4.1952184015044685,
      4.903632145670472,
      5.891125854866873,
      6.047771739267206,
      5.897693407301612,
      6.476614520871948,
      6.669998314284277,
      6.491904359204136,
      6.494791622605359,
      6.35860471134813,
      6.4292860707902815,
      6.624559589844353,
      5.874230836755577,
      4.951510485306499,
      5.182319425001346,
      4.94238250812692,
      5.375930444567741,
      5.530770440129441,
      5.826602241755618,
      6.060720447912888,
      6.1837218127119185,
      6.540242113359015,
      6.625604356443629,
      6.630240651966542
    ],
    "band5_dialogue": [
      1.2229336581580155,
      1.8110514972411733,
      2.4240925474817314,
      3.7273456514295407,
      3.528561963670031,
      4.252357410204872,
      5.074788170722917,
      6.747036682282255,
      6.981059946866995,
      6.703473029942464,
      7.245925940225289,
      6.802319214085144,
      6.868942259302618,
      6.872692644999593,
      7.050684840508319,
      7.191306335562792,
      6.1398352658919615,
      4.82561338529183,
      5.326664405362699,
      5.44179760287493,
      5.518618946332859,
      5.759107490760533,
      5.80379370191146,
      5.884388829724945,
      6.166759281604138,
      6.261980287994146,
      6.329716080874872,
      5.979593760395471
    ],
    "band6_counterfactual": [
      1.7437460660900703,
      3.420895757657948,
      4.202649824953828,
      4.720751003832373,
      4.233048203467645,
      5.282340169396124,
      5.795418820021833,
      6.641932616012504,
      6.704059183208864,
      7.033294011821705,
      6.831537451490152,
      6.273361495561254,
      6.47316304323852,
      6.172244186284668,
      6.33372257413946,
      6.624546981111204,
      6.377767721508822,
      5.759384667233185,
      5.994354428910819,
      5.907353063328245,
      6.131055796959474,
      6.209336883574011,
      6.311380750687865,
      6.340642749799543,
      6.512278868368709,
      6.903107268803777,
      7.185191116174227,
      6.897538667979982
    ],
    "band7_safety": [
      1.3345496307749967,
      1.7622405082063988,
      2.0808810293253672,
      2.8327804217698818,
      2.834946323067009,
      3.41441784433297,
      3.9225788692592283,
      4.9590345344800335,
      5.362651677832796,
      5.510602423689771,
      6.329606944824975,
      6.252386542073763,
      6.354190847281224,
      6.311127794779558,
      6.357947639302813,
      6.754199887270233,
      5.425979711586911,
      4.022332569473649,
      4.230342860366399,
      4.3554517706476625,
      4.729644371434773,
      5.335716764465353,
      5.488819927386071,
      5.73933774362388,
      6.073393016521828,
      6.651162203346565,
      6.905633756418422,
      6.246934677693583
    ]
  },
  "total_elapsed_s": 19.2,
  "summary": {
    "mean_pr": 6.544195750315529,