{
  "label": "Qwen3-0.6B-DPO800",
  "model_path": "/cache/zhangjing/spectral-flow-probe/experiments/results/exp5_fullft_causality/checkpoints/step_800",
  "n_layers": 28,
  "n_params_million": 596.0,
  "bands": {
    "band1_factual": {
      "name": "Factual Recall",
      "channel": "engram retrieval",
      "pr": 7.057958398243002,
      "n_samples": 10,
      "hidden_dim": 1024,
      "top5_eigenvalues": [
        28939.77734375,
        20099.078125,
        18939.375,
        16279.07421875,
        12367.0556640625
      ],
      "elapsed_s": 0.57
    },
    "band2_instruction": {
      "name": "Instruction Following",
      "channel": "constraint processing",
      "pr": 5.894503156972385,
      "n_samples": 10,
      "hidden_dim": 1024,
      "top5_eigenvalues": [
        12532.70703125,
        8313.470703125,
        5385.24609375,
        3520.516845703125,
        3211.114013671875
      ],
      "elapsed_s": 0.54
    },
    "band3_creative": {
      "name": "Creative Generation",
      "channel": "open generation",
      "pr": 7.115544128535206,
      "n_samples": 10,
      "hidden_dim": 1024,
      "top5_eigenvalues": [
        6005.5419921875,
        4858.1416015625,
        3746.130615234375,
        2720.351318359375,
        2507.100830078125
      ],
      "elapsed_s": 0.64
    },
    "band4_code": {
      "name": "Code / Logic",
      "channel": "logical reasoning",
      "pr": 6.6584641886949765,
      "n_samples": 10,
      "hidden_dim": 1024,
      "top5_eigenvalues": [
        9248.6611328125,
        7151.67822265625,
        5123.9189453125,
        3846.825927734375,
        3337.919189453125
      ],
      "elapsed_s": 0.7
    },
    "band5_dialogue": {
      "name": "Multi-turn Dialogue",
      "channel": "context maintenance",
      "pr": 6.035397873021567,
      "n_samples": 10,
      "hidden_dim": 1024,
      "top5_eigenvalues": [
        13894.4775390625,
        7699.6015625,
        5416.583984375,
        4550.73779296875,
        3729.47265625
      ],
      "elapsed_s": 1.1
    },
    "band6_counterfactual": {
      "name": "Counterfactual Reasoning",
      "channel": "OOD generalization",
      "pr": 6.922743591944711,
      "n_samples": 10,
      "hidden_dim": 1024,
      "top5_eigenvalues": [
        3756.276123046875,
        2899.231201171875,
        2400.0771484375,
        2222.79248046875,
        1433.32861328125
      ],
      "elapsed_s": 1.12
    },
    "band7_safety": {
      "name": "Safety Boundary",
      "channel": "RL specialization",
      "pr": 6.2777128178561155,
      "n_samples": 10,
      "hidden_dim": 1024,
      "top5_eigenvalues": [
        8143.24658203125,
        4399.55615234375,
        3402.136962890625,
        3144.568359375,
        2266.6337890625
      ],
      "elapsed_s": 0.66
    }
  },
  "depth_profiles": {
    "band1_factual": [
      6.498906246004013,
      6.78128868314019,
      6.898541051266551,
      6.918035309948403,
      6.989017763492669,
      7.265388722330261,
      7.409072521326832,
      7.491966163584958,
      7.70291972768955,
      7.530075237264126,
      5.115262115634026,
      5.912039668253119,
      5.794939210501126,
      5.671633984268391,
      7.571492652352301,
      7.505206606068375,
      7.365566506575375,
      7.634171847764754,
      7.594015779032219,
      7.739443846741716,
      7.797357828264761,
      7.582100598134513,
      7.4464440475794715,
      7.413708261430836,
      7.243721311802081,
      7.403581705860522,
      7.274393049339067,
      7.057958398243002
    ],
    "band2_instruction": [
      1.2711631708694127,
      1.858289853714763,
      2.338781678696412,
      3.360236636730935,
      2.8832787129338886,
      3.1440196607141764,
      3.595132954573956,
      4.299911172640247,
      4.768319694650906,
      5.0545837477306,
      6.210849592040998,
      5.821228889457428,
      5.910110382456185,
      6.01264137692464,
      5.734666293513357,
      5.876720216709734,
      4.7429227396058335,
      4.7806934565116235,
      4.795575702101073,
      4.775327173814299,
      4.891399830970909,
      4.928852529807967,
      5.1108877354944005,
      5.154681931231943,
      5.2886716891496395,
      5.861553221510363,
      6.246231100198054,
      5.894503156972385
    ],
    "band3_creative": [
      1.7145868971419436,
      2.2529862916655796,
      3.083169151238215,
      3.8909126799395537,
      3.6225503039931803,
      4.433492469220777,
      5.136751675820212,
      5.933875847626919,
      5.932186540466368,
      6.593808871955358,
      7.111290798087402,
      6.8986757992710315,
      7.015670961466842,
      6.9277072412427305,
      6.884911826367421,
      6.9635515160056585,
      6.7673573179371145,
      6.4131758225713025,
      6.585794378544491,
      6.48420066719288,
      6.805948006087947,
      6.83767087263745,
      6.883553850115661,
      6.868833518133037,
      7.019641253732082,
      7.310153693933388,
      7.395793018792399,
      7.115544128535206
    ],
    "band4_code": [
      1.5863872378749644,
      2.2225646468018305,
      3.0543439195168265,
      4.364502895625274,
      4.191086738049661,
      4.917673395185802,
      5.91486454319084,
      6.066051289830513,
      5.898528273128851,
      6.483793943756336,
      6.680539658765129,
      6.5025011055912225,
      6.5044139744547556,
      6.367015701341484,
      6.4345465246045475,
      6.622667104605879,
      5.86746610544925,
      4.958387088291426,
      5.176854629565931,
      4.947072395632711,
      5.378759559751889,
      5.546284024093686,
      5.812170164077071,
      6.040655012902294,
      6.171784062517644,
      6.545666109949505,
      6.631464266408569,
      6.6584641886949765
    ],
    "band5_dialogue": [
      1.2222825567199425,
      1.811336622956736,
      2.4280952784228167,
      3.7383510946960987,
      3.5350685068135097,
      4.26500599128188,
      5.0868018236611166,
      6.760781773826381,
      6.996902283408456,
      6.720097369081458,
      7.250906703418446,
      6.814148763463361,
      6.884206177335008,
      6.869143019899231,
      7.058668895438759,
      7.202038282225202,
      6.1616761748168365,
      4.847989116064426,
      5.3625430290671,
      5.480591463237888,
      5.560451434252403,
      5.807684684737373,
      5.845641133415048,
      5.933498848791987,
      6.213639295522108,
      6.313647367881641,
      6.382328087962909,
      6.035397873021567
    ],
    "band6_counterfactual": [
      1.7446538580079927,
      3.41613359113953,
      4.198414468608238,
      4.732545613610786,
      4.2183901634143846,
      5.262857908803899,
      5.7628904270594585,
      6.630987571792128,
      6.694200142703948,
      7.027737534143143,
      6.851053893481062,
      6.282415663445426,
      6.476905765402905,
      6.165844936034601,
      6.329163337625145,
      6.623324611185017,
      6.394029190733349,
      5.794622346967389,
      6.033362540591533,
      5.955077494135609,
      6.171540258680761,
      6.261801941890164,
      6.358286123866073,
      6.38582332817512,
      6.554088524413313,
      6.950505285404564,
      7.218692047785327,
      6.922743591944711
    ],
    "band7_safety": [
      1.3334317552866641,
      1.7582445302017513,
      2.0778282334939355,
      2.8305938589393476,
      2.8323357245597807,
      3.3969053404992215,
      3.9001756352967756,
      4.940721349019485,
      5.339496109830651,
      5.515143953132099,
      6.337668114897031,
      6.2506107542769325,
      6.361444885507921,
      6.321595284753502,
      6.3705660227031995,
      6.762492628234498,
      5.438263056482174,
      4.012155495631494,
      4.231393375824044,
      4.358116836503689,
      4.735790842721429,
      5.359120399233459,
      5.51282958140941,
      5.755629228620904,
      6.099204560254266,
      6.664469116562741,
      6.9189087440052335,
      6.2777128178561155
    ]
  },