{
  "label": "Qwen3-1.7B-DPO800",
  "model_path": "/cache/zhangjing/spectral-flow-probe/experiments/results/exp5b_fullft_1.7B/checkpoints/step_800",
  "n_layers": 28,
  "n_params_million": 1720.6,
  "bands": {
    "band1_factual": {
      "name": "Factual Recall",
      "channel": "engram retrieval",
      "pr": 7.011860622913602,
      "n_samples": 10,
      "hidden_dim": 2048,
      "top5_eigenvalues": [
        644108.125,
        524439.25,
        359718.15625,
        326641.90625,
        260011.859375
      ],
      "elapsed_s": 0.7
    },
    "band2_instruction": {
      "name": "Instruction Following",
      "channel": "constraint processing",
      "pr": 6.685009753576666,
      "n_samples": 10,
      "hidden_dim": 2048,
      "top5_eigenvalues": [
        332821.34375,
        257541.171875,
        201470.65625,
        131545.8125,
        108775.5078125
      ],
      "elapsed_s": 1.16
    },
    "band3_creative": {
      "name": "Creative Generation",
      "channel": "open generation",
      "pr": 6.752678493085446,
      "n_samples": 10,
      "hidden_dim": 2048,
      "top5_eigenvalues": [
        219383.375,
        153028.875,
        109778.4375,
        93472.96875,
        74267.3046875
      ],
      "elapsed_s": 0.41
    },
    "band4_code": {
      "name": "Code / Logic",
      "channel": "logical reasoning",
      "pr": 6.359475533413911,
      "n_samples": 10,
      "hidden_dim": 2048,
      "top5_eigenvalues": [
        309024.125,
        197857.9375,
        148453.578125,
        106164.90625,
        90300.78125
      ],
      "elapsed_s": 0.56
    },
    "band5_dialogue": {
      "name": "Multi-turn Dialogue",
      "channel": "context maintenance",
      "pr": 5.043616341634073,
      "n_samples": 10,
      "hidden_dim": 2048,
      "top5_eigenvalues": [
        392581.78125,
        162067.8125,
        141803.84375,
        102671.8046875,
        67323.734375
      ],
      "elapsed_s": 0.83
    },
    "band6_counterfactual": {
      "name": "Counterfactual Reasoning",
      "channel": "OOD generalization",
      "pr": 7.298107165662363,
      "n_samples": 10,
      "hidden_dim": 2048,
      "top5_eigenvalues": [
        104806.3828125,
        94325.4296875,
        73051.3046875,
        69340.0859375,
        50902.6015625
      ],
      "elapsed_s": 0.97
    },
    "band7_safety": {
      "name": "Safety Boundary",
      "channel": "RL specialization",
      "pr": 6.4904445024578665,
      "n_samples": 10,
      "hidden_dim": 2048,
      "top5_eigenvalues": [
        229999.90625,
        182704.203125,
        116093.7734375,
        106544.90625,
        65914.3359375
      ],
      "elapsed_s": 0.79
    }
  },
  "depth_profiles": {
    "band1_factual": [
      6.525436261834968,
      6.961437210500432,
      7.201466656709513,
      7.453473224569145,
      7.279747678437995,
      7.648785580729024,
      7.743136242397749,
      7.15090849484181,
      7.7649690051088065,
      7.21285660191776,
      5.584573012804999,
      5.534808567606369,
      5.970369335511007,
      6.17245791361097,
      7.7561122544800485,
      7.623349982202885,
      7.517773759501028,
      7.672723789679409,
      7.7981629709168,
      7.825928423350728,
      7.93762331187048,
      7.200952234303118,
      7.322863208360758,
      6.568083863637133,
      6.699491839223759,
      6.754065833411018,
      6.732691232520229,
      7.011860622913602
    ],
    "band2_instruction": [
      1.5550521056619324,
      2.295491098786683,
      2.776831505098572,
      3.566698218669863,
      3.1425467050998286,
      3.1855208079272774,
      4.415620367391387,
      4.873249116047885,
      5.53460601305271,
      5.543282757323621,
      6.0815137768418674,
      6.108102505583583,
      6.466138915580927,
      6.470179661799485,
      6.5033690237871955,
      6.513015793762478,
      5.693231001196955,
      6.021680559942422,
      6.374519163960871,
      6.066936382366231,
      6.277833429092925,
      6.621203287119708,
      6.859298330033271,
      6.772466892339988,
      6.944734501435223,
      7.1634407764371595,
      7.242173090471804,
      6.685009753576666
    ],
    "band3_creative": [
      2.333320348496679,
      2.805134435829475,
      3.513440201956917,
      4.404131724267103,
      4.363149127529614,
      5.073451596304785,
      5.95857875427612,
      6.5690970712757695,
      6.605736664191795,
      7.476572248139802,
      7.34715189966091,
      7.303727716506825,
      7.298777535599098,
      7.313271877380047,
      7.36421686689963,
      7.408273339167102,
      7.391482714464085,
      7.189924121033937,
      7.171208691082805,
      7.051292616239799,
      7.085008073682906,
      6.885352249085265,
      7.016418049737551,
      6.980011886990556,
      7.047706326402132,
      7.1250334816445,
      7.273297039564908,
      6.752678493085446
    ],
    "band4_code": [
      1.871052113595267,
      2.6255435005010868,
      3.4033747264287,
      4.078189926385368,
      4.403409954730872,
      4.99440839893338,
      5.730928009951326,
      6.274510158617831,
      6.459059629718848,
      6.730888634684366,
      6.9868896302400865,
      6.724373376569749,
      6.9129603442674235,
      6.870118043188729,
      6.9919421778680775,
      7.00824254108172,
      6.300135444951232,
      5.543365976907513,
      5.397547460138135,
      5.248216961075379,
      5.552904851730697,
      5.992106312420433,
      6.3521785402259265,
      6.357203479178733,
      6.412579412883269,
      6.498920625556853,
      6.588936813011079,
      6.359475533413911
    ],
    "band5_dialogue": [
      1.3891698728551614,
      2.1166010559763078,
      2.890308447810555,
      3.9122805364302,
      4.511308957182972,
      5.398051654944685,
      6.403387899970457,
      7.36435743945901,
      7.6596927614053545,
      7.370526855827663,
      7.437461827436142,
      7.247906829349279,
      7.5410455444885685,
      7.577368924321839,
      7.564026283952251,
      7.553421290424516,
      6.955824595584855,
      6.311799568177755,
      6.557469586494526,
      6.3753208638562855,
      6.208219616295645,
      6.191941024686498,
      6.076688216395127,
      6.23651653298823,
      6.305994291914629,
      6.46730128786246,
      6.567794800130263,
      5.043616341634073
    ],
    "band6_counterfactual": [
      2.228470117041555,
      3.921018733273395,
      4.77762832666195,
      5.9880942053296655,
      5.608752534424709,
      5.66904702038975,
      6.21039440550486,
      6.420663274006087,
      6.323673827227544,
      6.687260327082921,
      6.973255979241381,
      7.018144867564828,
      7.092694766031622,
      6.870846747810403,
      6.906510124780679,
      7.001665303328497,
      6.518964718620337,
      6.34711678289202,
      6.500449554590053,
      6.458968735258655,
      6.3803146143804215,
      6.55279821918382,
      6.680585874752158,
      6.827279988131081,
      6.912340109919778,
      7.095369165707198,
      7.305190430373578,
      7.298107165662363
    ],
    "band7_safety": [
      1.4723234601641704,
      1.8219388331149409,
      2.236675991565029,
      3.1471319141834098,
      3.4500476927918764,
      3.9823973946045026,
      4.905597588912665,
      6.00704653148428,
      6.283435950083784,
      6.811955791551238,
      6.974623497613239,
      6.9695713047016925,
      7.351169060220727,
      7.434675913479477,
      7.440856211854067,
      7.437957734449272,
      6.516937081862926,
      5.313796838546504,
      5.6268444715563515,
      5.640005678310873,
      5.634880616076894,
      5.72583783153116,
      5.954557014606458,
      6.031357741236914,
      6.462019928586731,
      6.769260012235933,
      6.814354995571503,
      6.4904445024578665
    ]
  },
  "total_elapsed_s": 21.9,
  "summary": {
    "mean_pr": 6.520170344677704,
    "std_pr": 0.6692314642210895,
    "max_pr": 7.298107165662363,