{
  "label": "Qwen2.5-7B-Instruct",
  "model_path": "/cache/zhangjing/models/Qwen2.5-7B-Instruct",
  "n_layers": 28,
  "n_params_million": 7615.6,
  "bands": {
    "band1_factual": {
      "name": "Factual Recall",
      "channel": "engram retrieval",
      "pr": 7.083949911909938,
      "n_samples": 10,
      "hidden_dim": 3584,
      "top5_eigenvalues": [
        42861.5234375,
        26530.1796875,
        23948.92578125,
        21548.373046875,
        16935.466796875
      ],
      "elapsed_s": 0.6
    },
    "band2_instruction": {
      "name": "Instruction Following",
      "channel": "constraint processing",
      "pr": 6.546682410827444,
      "n_samples": 10,
      "hidden_dim": 3584,
      "top5_eigenvalues": [
        35423.328125,
        21861.06640625,
        15379.41796875,
        11973.369140625,
        11739.5478515625
      ],
      "elapsed_s": 0.32
    },
    "band3_creative": {
      "name": "Creative Generation",
      "channel": "open generation",
      "pr": 7.231384187323397,
      "n_samples": 10,
      "hidden_dim": 3584,
      "top5_eigenvalues": [
        20170.6171875,
        13708.18359375,
        10952.4853515625,
        10491.666015625,
        8314.2685546875
      ],
      "elapsed_s": 0.35
    },
    "band4_code": {
      "name": "Code / Logic",
      "channel": "logical reasoning",
      "pr": 7.255191685989555,
      "n_samples": 10,
      "hidden_dim": 3584,
      "top5_eigenvalues": [
        18330.138671875,
        12478.59765625,
        11325.3779296875,
        9755.0625,
        8205.4267578125
      ],
      "elapsed_s": 0.28
    },
    "band5_dialogue": {
      "name": "Multi-turn Dialogue",
      "channel": "context maintenance",
      "pr": 7.249041025965634,
      "n_samples": 10,
      "hidden_dim": 3584,
      "top5_eigenvalues": [
        13429.15625,
        10985.17578125,
        8741.4609375,
        6552.791015625,
        4999.50341796875
      ],
      "elapsed_s": 0.41
    },
    "band6_counterfactual": {
      "name": "Counterfactual Reasoning",
      "channel": "OOD generalization",
      "pr": 7.587512286251027,
      "n_samples": 10,
      "hidden_dim": 3584,
      "top5_eigenvalues": [
        10098.646484375,
        9503.08984375,
        7504.6552734375,
        5875.0390625,
        5121.65283203125
      ],
      "elapsed_s": 0.95
    },
    "band7_safety": {
      "name": "Safety Boundary",
      "channel": "RL specialization",
      "pr": 7.055410452527304,
      "n_samples": 10,
      "hidden_dim": 3584,
      "top5_eigenvalues": [
        19979.9453125,
        10615.193359375,
        9543.873046875,
        7967.419921875,
        7284.16845703125
      ],
      "elapsed_s": 0.74
    }
  },
  "depth_profiles": {
    "band1_factual": [
      7.035953798660124,
      6.470364520749691,
      7.042301025768056,
      8.029038396597102,
      7.475824148016468,
      7.638344088388556,
      7.839412716010667,
      8.180793412018174,
      8.339628900177281,
      8.237823898221212,
      8.224804466791067,
      8.208343671085077,
      8.147295793562392,
      8.194716009956155,
      8.226577767513726,
      8.165627959861805,
      8.155678605265706,
      8.231118588933663,
      8.185060333435557,
      8.122192283786955,
      8.120173914082098,
      8.239484191104093,
      8.304956870244713,
      8.371601908157833,
      8.17209067601588,
      8.086603155606285,
      8.163492449288553,
      7.083949911909938
    ],
    "band2_instruction": [
      1.7107077745772703,
      2.497644940754341,
      2.831693214528741,
      3.8500906354376503,
      4.17830254114782,
      4.107039702841585,
      4.1385375097207255,
      4.626254570646156,
      5.39259790999068,
      5.253503583105095,
      5.5704233148271145,
      5.733372711832706,
      5.6978974756920415,
      6.0296260515223805,
      6.146443686095886,
      5.946992871303608,
      6.233953037286021,
      6.1629361044805755,
      6.065270536292471,
      6.9312013735998335,
      7.056361097163334,
      7.377019923064047,
      7.463567645676791,
      7.477027316928471,
      7.018332212683101,
      6.885623597049708,
      6.733423353488923,
      6.546682410827444
    ],
    "band3_creative": [
      2.7301543963995734,
      2.655776618636521,
      3.555859959076545,
      4.95684726411098,
      4.928720137909523,
      5.225916140140158,
      5.299101265917407,
      6.460667230248229,
      6.985542887232269,
      7.030370555632492,
      7.229660307329573,
      7.396948163164019,
      7.20759739300662,
      7.384520242481369,
      7.3395047396642354,
      7.340811696889639,
      7.422559820876492,
      7.4459408425205424,
      7.213820756684012,
      7.131121198830189,
      6.961800277560019,
      7.087331643869642,
      7.260893068983939,
      7.339594017801211,
      7.403696278082275,
      7.397504582902251,
      7.3655701661282045,
      7.231384187323397
    ],
    "band4_code": [
      2.327421914300297,
      2.9377156248081597,
      3.9808807498919485,
      5.013476316432591,
      5.319473574098636,
      5.4131117076464355,
      5.62127124267566,
      6.095400030610747,
      6.720597299519189,
      6.935937815506818,
      6.804289869929329,
      7.014872453732187,
      6.962205350827207,
      6.919682674200492,
      6.589275625423612,
      6.385101354538935,
      6.2511894640195464,
      6.112408437066818,
      6.071138500196313,
      5.967073629667251,
      6.270916101596049,
      6.651156027482117,
      7.136528267724265,
      7.503118056284423,
      7.651984976540819,
      7.5949326225616005,
      7.62551992751642,
      7.255191685989555
    ],
    "band5_dialogue": [
      1.9784968668874308,
      3.204150080880364,
      4.124995332622207,
      5.27708512601625,
      6.084024183678555,
      5.9336018497649645,
      6.791559037250991,
      7.102570326720378,
      7.317460345221587,
      7.273449357626603,
      7.218667509944581,
      7.41207679208482,
      7.323261440219335,
      7.524018767538247,
      7.218930315193696,
      7.1801663964538935,
      7.268672826646348,
      7.2670578883011,
      7.063794844608246,
      6.924979197262108,
      6.84499867770745,
      6.817176573095366,
      6.937224776420198,
      7.26268411462469,
      7.5261603062303095,
      7.577985854801611,
      7.65611146251267,
      7.249041025965634
    ],
    "band6_counterfactual": [
      4.178376745586528,
      4.737409978978274,
      5.439836971824264,
      5.803760038706979,
      5.721834853622991,
      5.980117320143118,
      6.171184500233376,
      5.721403319488035,
      6.186280399569963,
      6.404520080472332,
      6.49420303482065,
      6.83947338021141,
      6.42520589048047,
      6.726041899527842,
      6.688787996128271,
      6.536061447005048,
      6.489269047328101,
      6.416735275546124,
      6.5152877079572225,
      6.618778116607494,
      6.5137141943391565,
      6.4678617680082136,
      6.892604239430752,
      7.085610303471769,
      7.325723030653565,
      7.3837317981415325,
      7.776675835763724,
      7.587512286251027
    ],
    "band7_safety": [
      1.8004896760075202,
      2.4901551267644013,
      2.932466395488851,
      3.6806293607070475,
      4.171079786267179,
      4.258024953955543,
      4.697106243566366,
      5.596820617151369,
      6.3033327658279825,
      6.521900904903201,
      6.685506077711024,
      6.945056472461027,
      6.850724497365564,
      7.132893857951765,
      6.958828392431517,
      6.871876332706708,
      6.828371707336346,
      6.732262486399453,
      6.7965105152024385,
      6.65369494897033,
      6.700648597759084,
      6.50884659425806,
      6.942677060189543,
      7.373863894751979,
      7.554608726103001,
      7.528267263692002,
      7.966399417458002,
      7.055410452527304
    ]
  },
  "total_elapsed_s": 96.5,
  "summary": {
    "mean_pr": 7.144167422970614,
    "std_pr": 0.2917872462555293,