{
  "label": "Mistral-7B-Instruct",
  "model_path": "/cache/zhangjing/models/Mistral-7B-Instruct-v0.1",
  "n_layers": 32,
  "n_params_million": 7241.7,
  "bands": {
    "band1_factual": {
      "name": "Factual Recall",
      "channel": "engram retrieval",
      "pr": 8.307220924396225,
      "n_samples": 10,
      "hidden_dim": 4096,
      "top5_eigenvalues": [
        267.9750671386719,
        235.7366485595703,
        211.45809936523438,
        184.6368865966797,
        177.99285888671875
      ],
      "elapsed_s": 0.6
    },
    "band2_instruction": {
      "name": "Instruction Following",
      "channel": "constraint processing",
      "pr": 8.291197294505634,
      "n_samples": 10,
      "hidden_dim": 4096,
      "top5_eigenvalues": [
        196.0390167236328,
        150.0552215576172,
        130.01776123046875,
        121.40206909179688,
        107.6244125366211
      ],
      "elapsed_s": 0.31
    },
    "band3_creative": {
      "name": "Creative Generation",
      "channel": "open generation",
      "pr": 8.190950507307889,
      "n_samples": 10,
      "hidden_dim": 4096,
      "top5_eigenvalues": [
        164.29501342773438,
        149.0426788330078,
        124.86326599121094,
        108.13509368896484,
        91.99198150634766
      ],
      "elapsed_s": 0.31
    },
    "band4_code": {
      "name": "Code / Logic",
      "channel": "logical reasoning",
      "pr": 8.46913334236072,
      "n_samples": 10,
      "hidden_dim": 4096,
      "top5_eigenvalues": [
        140.41085815429688,
        123.69247436523438,
        104.29843139648438,
        93.24688720703125,
        85.37227630615234
      ],
      "elapsed_s": 0.3
    },
    "band5_dialogue": {
      "name": "Multi-turn Dialogue",
      "channel": "context maintenance",
      "pr": 7.106084860803043,
      "n_samples": 10,
      "hidden_dim": 4096,
      "top5_eigenvalues": [
        192.34780883789062,
        126.6815185546875,
        99.54190826416016,
        91.13827514648438,
        67.99331665039062
      ],
      "elapsed_s": 0.3
    },
    "band6_counterfactual": {
      "name": "Counterfactual Reasoning",
      "channel": "OOD generalization",
      "pr": 8.403403966645831,
      "n_samples": 10,
      "hidden_dim": 4096,
      "top5_eigenvalues": [
        109.67506408691406,
        94.92650604248047,
        81.78279113769531,
        77.24610137939453,
        70.16744232177734
      ],
      "elapsed_s": 0.3
    },
    "band7_safety": {
      "name": "Safety Boundary",
      "channel": "RL specialization",
      "pr": 8.31046844219521,
      "n_samples": 10,
      "hidden_dim": 4096,
      "top5_eigenvalues": [
        156.78530883789062,
        120.12288665771484,
        116.01705932617188,
        94.3593521118164,
        89.63567352294922
      ],
      "elapsed_s": 0.29
    }
  },
  "depth_profiles": {
    "band1_factual": [
      6.276324329854592,
      7.519999119159325,
      7.396837449443434,
      8.133458035618045,
      7.916336904326281,
      8.503750926734101,
      8.456772134307418,
      8.391372657399415,
      8.437915371463188,
      8.345098966190275,
      8.264816389037858,
      8.240042602868359,
      8.163655963029697,
      8.116528394483998,
      8.05425287573319,
      8.243067537310353,
      8.2172860477486,
      8.09941188103824,
      8.283876169362253,
      8.420368695523575,
      8.640837729476202,
      8.467873667967769,
      8.546776233327721,
      8.570185082546026,
      8.60781882711426,
      8.581307322904864,
      8.56143172357917,
      8.477099239154887,
      8.467739143814768,
      8.487415149819348,
      8.465426234401164,
      8.307220924396225
    ],
    "band2_instruction": [
      1.8946568419018552,
      4.150053357561322,
      3.7204600504119605,
      6.103709250449703,
      6.447964121947928,
      7.357414424619961,
      7.2228962536555,
      7.574532939250997,
      7.709434157260935,
      7.763183002761299,
      7.604711752476977,
      7.462540418859693,
      7.485294278763938,
      7.344606613835664,
      7.344581418424515,
      7.567325722011857,
      7.89572473521691,
      7.962636481141319,
      7.955982176917604,
      8.098549402653278,
      8.172011059335667,
      8.29296495829267,
      8.254316645686222,
      8.308443285551306,
      8.386766420733286,
      8.4823596646647,
      8.498614007668692,
      8.54761010778057,
      8.57198999072264,
      8.530396315922514,
      8.50106180538428,
      8.291197294505634
    ],
    "band3_creative": [
      2.9616050397044407,
      4.884726941256517,
      4.802179315796798,
      6.598702596384951,
      7.057757417268451,
      8.073097527599074,
      8.205904114381061,
      8.18684586774559,
      8.17557494702101,
      8.100361598483987,
      7.989025236697786,
      8.053372468104023,
      8.047698903439366,
      8.059922211481592,
      8.083962160802898,
      8.051555471911273,
      8.023532296383651,
      7.981810092030465,
      8.044168175526275,
      8.073386618517986,
      8.05048552588874,
      8.133556104646347,
      8.187810265339035,
      8.298688177926449,
      8.352322118201005,
      8.417022033145116,
      8.411126289381949,
      8.442490355506083,
      8.40295271868986,
      8.392306547878949,
      8.370345845272865,
      8.190950507307889
    ],
    "band4_code": [
      2.3486919400788415,
      4.7359642250966285,
      4.742073064536526,
      6.315437899530894,
      6.725177627565616,
      7.4016764616641515,
      7.552458639273779,
      7.688834409805616,
      7.636617271494072,
      7.600078440807196,
      7.56458352402545,
      7.746323498154098,
      7.73809901771353,
      7.765031009641445,
      7.784415095039317,
      7.792250328813106,
      7.89017674957498,
      7.947249851586614,
      7.924948539262736,
      8.09836082875688,
      8.274845682718462,
      8.380620050425406,
      8.438079239403983,
      8.514525221141694,
      8.565423151324575,
      8.587137758170156,
      8.609815156842286,
      8.574324086168353,
      8.607328221994777,
      8.547386362543579,
      8.506442729100156,
      8.46913334236072
    ],
    "band5_dialogue": [
      2.098634576727994,
      5.822930057382813,
      6.332177263755184,
      7.871705948374866,
      7.931196126794068,
      8.02967608813498,
      8.005374129393141,
      8.153077672318595,
      8.245822092014677,
      8.138669262568834,
      8.089132555338043,
      8.093891939639088,
      8.015882295032155,
      8.073681123661695,
      7.970527843827543,
      7.906596282605107,
      7.615741079015403,
      7.6717158705261115,
      7.697040782570912,
      7.531017728113214,
      7.3813225464271675,
      7.304895124627588,
      7.2458704078128795,
      6.987963993147852,
      6.987629443654882,
      6.860480164374289,
      6.885662589247756,
      6.903135281754849,
      6.906276756986417,
      6.99260349417107,
      7.027869010507948,
      7.106084860803043
    ],
    "band6_counterfactual": [
      2.890769857696791,
      6.236583781432895,
      5.1591771300054745,
      6.3780060966720376,
      6.556961819750791,
      6.731280464717757,
      6.572536178744788,
      6.808722370427094,
      7.001818943472452,
      6.9496161626528,
      6.8215533289380685,
      6.820657929468276,
      6.893674596978708,
      7.096438126277864,
      7.244593494501644,
      7.299192234410417,
      7.581359230475753,
      7.558552565764145,
      7.843346781554898,
      8.028283151573753,
      8.048007794509829,
      8.176910845050857,
      8.238295106645587,
      8.254648370105443,
      8.38332978744633,
      8.429680459878432,
      8.484833152469921,
      8.470226819133742,
      8.453685223510362,
      8.355268471768406,
      8.395720897843585,
      8.403403966645831
    ],