{
  "label": "Mistral-7B-base",
  "model_path": "/cache/zhangjing/models/Mistral-7B-v0.1",
  "n_layers": 32,
  "n_params_million": 7241.7,
  "bands": {
    "band1_factual": {
      "name": "Factual Recall",
      "channel": "engram retrieval",
      "pr": 8.021513637211113,
      "n_samples": 10,
      "hidden_dim": 4096,
      "top5_eigenvalues": [
        192.09893798828125,
        144.60398864746094,
        134.50714111328125,
        109.52149963378906,
        102.17781829833984
      ],
      "elapsed_s": 0.66
    },
    "band2_instruction": {
      "name": "Instruction Following",
      "channel": "constraint processing",
      "pr": 6.523949035069678,
      "n_samples": 10,
      "hidden_dim": 4096,
      "top5_eigenvalues": [
        144.96548461914062,
        111.79782104492188,
        63.33401870727539,
        58.55734634399414,
        48.25309753417969
      ],
      "elapsed_s": 0.33
    },
    "band3_creative": {
      "name": "Creative Generation",
      "channel": "open generation",
      "pr": 6.567235617335508,
      "n_samples": 10,
      "hidden_dim": 4096,
      "top5_eigenvalues": [
        112.3031234741211,
        68.83811950683594,
        48.1519889831543,
        44.07691955566406,
        36.66971206665039
      ],
      "elapsed_s": 0.32
    },
    "band4_code": {
      "name": "Code / Logic",
      "channel": "logical reasoning",
      "pr": 6.753611589728261,
      "n_samples": 10,
      "hidden_dim": 4096,
      "top5_eigenvalues": [
        168.56077575683594,
        101.82470703125,
        83.26347351074219,
        66.07986450195312,
        62.22355651855469
      ],
      "elapsed_s": 0.32
    },
    "band5_dialogue": {
      "name": "Multi-turn Dialogue",
      "channel": "context maintenance",
      "pr": 6.322649170792349,
      "n_samples": 10,
      "hidden_dim": 4096,
      "top5_eigenvalues": [
        170.70997619628906,
        89.03791809082031,
        72.60488891601562,
        62.40287780761719,
        50.43338394165039
      ],
      "elapsed_s": 0.32
    },
    "band6_counterfactual": {
      "name": "Counterfactual Reasoning",
      "channel": "OOD generalization",
      "pr": 6.731332898434088,
      "n_samples": 10,
      "hidden_dim": 4096,
      "top5_eigenvalues": [
        123.30726623535156,
        70.27962493896484,
        56.264190673828125,
        42.20642852783203,
        37.76933670043945
      ],
      "elapsed_s": 0.32
    },
    "band7_safety": {
      "name": "Safety Boundary",
      "channel": "RL specialization",
      "pr": 6.1518667322899825,
      "n_samples": 10,
      "hidden_dim": 4096,
      "top5_eigenvalues": [
        163.618408203125,
        97.36238098144531,
        82.39295196533203,
        59.30336380004883,
        45.32273864746094
      ],
      "elapsed_s": 0.34
    }
  },
  "depth_profiles": {
    "band1_factual": [
      6.208879496981752,
      7.381556627123029,
      7.273131420649919,
      8.251048993476921,
      8.244309932571554,
      8.535857806038507,
      8.486459273038275,
      8.40008071708476,
      8.368813547921722,
      8.273871050995847,
      8.263564695283032,
      8.190796381264333,
      8.095715531329764,
      8.067359567655261,
      7.919045187965114,
      8.003804387777764,
      7.997506712416559,
      7.883366428545669,
      7.8977062417549,
      7.988998692170295,
      8.157238394990674,
      8.110730074592752,
      8.123230637675102,
      8.200930936380296,
      8.226363114376863,
      8.222972377544904,
      8.24010585354405,
      8.147397897703687,
      8.104646439926622,
      8.007784246906002,
      7.975315542225883,
      8.021513637211113
    ],
    "band2_instruction": [
      1.688622734281651,
      3.497346541968133,
      3.8075903108063733,
      5.28692467670153,
      5.767506372347294,
      6.5991028905132,
      6.272406174206427,
      6.4269799108160335,
      6.566512922437863,
      6.756377293720541,
      6.737811674369832,
      6.630253633208538,
      6.521387799252007,
      6.743438860214248,
      6.820890856999121,
      6.755837354311528,
      6.867764527172976,
      6.748549850939261,
      6.794977626119162,
      6.7465737008601145,
      6.591699934199096,
      6.624738965128793,
      6.534012246568739,
      6.610036568572438,
      6.714874433172595,
      6.792921833560692,
      6.862771400410053,
      6.8498354455312045,
      6.8374155030199,
      6.84663482014043,
      6.846477878687467,
      6.523949035069678
    ],
    "band3_creative": [
      2.802316781130839,
      4.644473557822892,
      4.51473237933428,
      5.788928909905176,
      6.431441619168202,
      7.142602494907316,
      7.254146380183611,
      7.481349364798439,
      7.57124813493163,
      7.472508340641419,
      7.42954700372706,
      7.5431963832819005,
      7.428703383400574,
      7.338725638234141,
      7.162308927993095,
      6.6510584418011955,
      6.035118281727787,
      5.901429560931475,
      5.648644468249109,
      5.886024199877632,
      5.962584301626567,
      6.100824875061549,
      6.188713093409798,
      6.167169242311294,
      6.144316486200324,
      6.140699103416774,
      6.254971412178167,
      6.15357267423921,
      6.34940577456839,
      6.4132510880636735,
      6.49097253242334,
      6.567235617335508
    ],
    "band4_code": [
      2.0806031257548883,
      4.161766690158907,
      4.182100221176902,
      5.2466832287208955,
      5.393026456529254,
      6.025446577252903,
      6.015888465902824,
      6.389478454137762,
      6.525299011970563,
      6.322866820873931,
      6.235653675374261,
      6.247490481925891,
      6.064551387994554,
      5.880157296019511,
      5.75468734906404,
      5.522836437942865,
      5.480738254898406,
      5.199445387069039,
      4.951381554127005,
      5.472409112689289,
      5.989137418948334,
      5.950191838535217,
      5.8885193966333285,
      5.807128915459749,
      5.864797156215411,
      5.821856724084036,
      5.949505873739639,
      6.218526383911363,
      6.542267954083856,
      6.599249498416678,
      6.675711369462836,
      6.753611589728261
    ],
    "band5_dialogue": [
      2.095136251772579,
      5.39114662626145,
      6.332524389160375,
      7.705723411252998,
      7.651190449806507,
      7.800300006650209,
      7.986133018958956,
      8.00724556279883,
      8.013435609751921,
      7.925007796530288,
      7.949294456191335,
      7.938833468790411,
      7.577998545239422,
      7.620741217778161,
      7.50922474308632,
      7.267294063485169,
      6.771216098134272,
      6.870352532810634,
      6.774417401945994,
      6.5220970872994215,
      6.437135695676056,
      6.336927392631084,
      6.318188137839994,
      6.288391366352668,
      6.307320246297097,
      6.387035301518566,
      6.445372000185532,
      6.445179381282538,
      6.438931705553662,
      6.408191392402655,
      6.286052855532526,
      6.322649170792349
    ],
    "band6_counterfactual": [
      2.9425887404919395,
      5.636882578318136,
      5.407089941811498,
      6.010971760515741,
      5.858727814984258,
      6.8219474893194025,
      6.855130842856293,
      7.474650964930536,
      7.49137023116716,
      7.508823873317538,
      7.287817626573561,
      7.259345193269453,
      7.260409176315933,
      7.3409080869066425,
      7.398950294585714,
      7.210989890439656,
      6.9675576753128095,
      6.952698439955393,
      7.003425913903204,
      7.167123502130857,
      7.4134812392083465,
      7.56707556563911,
      7.614033979404513,
      7.585453520657399,
      7.60180102436298,
      7.628432344183729,
      7.62950326462603,
      7.576963902470939,
      7.544947963796728,
      7.328107790885053,
      7.289060656759326,
      6.731332898434088
    ],