{
  "model_tag": "qwen3-30B-MoE",
  "n_prompts": 50,
  "moe_config": {
    "num_experts": 128,
    "top_k": 8,
    "n_moe_layers": 48
  },
  "aggregate": {
    "pr_last": 16.952583370503774,
    "s_last": -0.09039815803872502
  },
  "per_path": {
    "expert_2": {
      "expert_id": 2,
      "n": 5,
      "pr": 3.671263268405353,
      "S": -0.23299993239752512,
      "r2": 0.8964866902759294,
      "prompt_indices": [
        10,
        33,
        38,
        44,
        48
      ]
    },
    "expert_12": {
      "n": 3,
      "pr": 0.0,
      "S": 0.0
    },
    "expert_16": {
      "expert_id": 16,
      "n": 5,
      "pr": 3.7040888868039,
      "S": -0.22814938789826017,
      "r2": 0.9280121955935504,
      "prompt_indices": [
        2,
        15,
        20,
        25,
        45
      ]
    },
    "expert_39": {
      "n": 3,
      "pr": 0.0,
      "S": 0.0
    },
    "expert_80": {
      "expert_id": 80,
      "n": 4,
      "pr": 2.9508158502818187,
      "S": -0.15977671591300963,
      "r2": 0.9614873930275096,
      "prompt_indices": [
        16,
        31,
        39,
        46
      ]
    },
    "expert_82": {
      "expert_id": 82,
      "n": 8,
      "pr": 6.108740023606801,
      "S": -0.1880630548472589,
      "r2": 0.9865367298249066,
      "prompt_indices": [
        12,
        17,
        22,
        24,
        36,
        41,
        42,
        49
      ]
    },
    "expert_85": {
      "n": 3,
      "pr": 0.0,
      "S": 0.0
    },
    "expert_115": {
      "expert_id": 115,
      "n": 5,
      "pr": 3.551738747617592,
      "S": -0.3144878301280889,
      "r2": 0.9599777319034893,
      "prompt_indices": [
        0,
        19,
        23,
        26,
        47
      ]
    },
    "expert_125": {
      "expert_id": 125,
      "n": 4,
      "pr": 2.8331273238926746,
      "S": -0.31029455727210825,
      "r2": 0.9056383279930534,
      "prompt_indices": [
        9,
        13,
        21,
        37
      ]
    }
  },
  "per_path_summary": {
    "n_groups": 9,
    "mean_pr": 3.80329568343469,
    "median_pr": 3.611501008011473,
    "min_pr": 2.8331273238926746,
    "max_pr": 6.108740023606801
  },
  "routing_diversity_per_layer": {
    "0": 11,
    "1": 13,
    "2": 22,
    "3": 18,
    "4": 26,
    "5": 34,
    "6": 41,
    "7": 38,
    "8": 40,
    "9": 41,
    "10": 41,
    "11": 43,
    "12": 33,
    "13": 32,
    "14": 38,
    "15": 34,
    "16": 40,
    "17": 37,
    "18": 40,
    "19": 42,
    "20": 39,
    "21": 38,
    "22": 55,
    "23": 43,
    "24": 43,
    "25": 54,
    "26": 44,
    "27": 43,
    "28": 43,
    "29": 43,
    "30": 42,
    "31": 35,
    "32": 44,
    "33": 47,
    "34": 53,
    "35": 53,
    "36": 45,
    "37": 56,
    "38": 45,
    "39": 47,
    "40": 45,
    "41": 51,
    "42": 54,
    "43": 47,
    "44": 47,
    "45": 49,
    "46": 52,
    "47": 47
  },
  "expert_usage_top20": [
    [
      82,
      326
    ],
    [
      2,
      320
    ],
    [
      18,
      312
    ],
    [
      115,
      290
    ],
    [
      80,
      289
    ],
    [
      12,
      289
    ],
    [
      39,
      282
    ],
    [
      85,
      273
    ],
    [
      30,
      269
    ],
    [
      125,
      266
    ],
    [
      16,
      263
    ],
    [
      111,
      263
    ],
    [
      7,
      262
    ],
    [
      107,
      261
    ],
    [
      8,
      259
    ],
    [
      24,
      239
    ],
    [
      48,
      228
    ],
    [
      33,
      224
    ],
    [
      23,
      223
    ],
    [
      26,
      223
    ]
  ],
  "s_curve": [
    -0.16252707878698303,
    -0.14073214780536572,
    -0.0985403549291018,
    -0.09567094330885949,
    -0.08701017575828274,
    -0.08049484081983257,
    -0.06873789937554153,
    -0.06311481428833489,
    -0.062336011992993,
    -0.06098924843968389,
    -0.05907708493909245,
    -0.05995119492036188,
    -0.06207285003802316,
    -0.07145321636230709,
    -0.07454555465046388,
    -0.07516497938665494,
    -0.07831954942923204,
    -0.07872296280170364,
    -0.0807347260451099,
    -0.08485657053157003,
    -0.08781519515151529,
    -0.088347516394789,
    -0.08783537339931978,
    -0.09205314632272893,
    -0.09141019893388883,
    -0.09859811376193078,
    -0.10017380469210845,
    -0.10033235689802865,
    -0.09992503162950998,
    -0.10150770082751438,
    -0.09927796492943107,
    -0.1003380483284242,
    -0.10276724432798337,
    -0.1031430965311281,
    -0.10273675570032173,
    -0.10980561824174581,
    -0.10932159704500384,
    -0.11323520686175309,
    -0.10892870866294525,
    -0.10667109805907554,
    -0.10720000806842582,
    -0.11387367642970042,
    -0.10827465512119197,
    -0.10504579140966294,
    -0.10329782212351939,
    -0.0992387782544856,
    -0.09409185245305936,
    -0.09041056190409527
  ],
  "pr_curve": [
    6.534293675102695,
    7.905374509614355,
    16.84073870902073,
    17.22599667626611,
    18.729408659297416,
    20.757668814133385,
    22.63662740796763,
    23.423577449393974,
    23.627054673945935,
    23.80180059868246,
    24.354074377633154,
    24.11218826310728,
    23.517420041656226,
    21.40701518614302,
    20.733682323779576,
    20.430597712058184,
    19.572531475141652,
    19.513999843566587,
    18.858158187506664,
    17.66946686759551,
    16.63612169839773,
    16.07197945431202,
    16.014504644162784,
    14.705587922069016,
    14.91408073981819,
    13.203806047620505,
    13.139899613691385,
    13.348293651662607,
    13.531848339734813,
    13.512675041281188,
    13.770144738807138,
    13.902097918227017,
    13.479769340499233,
    13.69498346587558,
    13.849961047055395,
    12.4839396048669,
    12.436774383679715,
    11.431545627933067,
    12.053632197755642,
    12.30441860524695,
    11.990160260858655,
    11.20268331236219,
    12.369511672130956,
    12.961109070216015,
    13.834564979672079,
    14.787633965853828,
    16.372422171184716,
    16.943001409544987
  ]
}