{
  "elapsed_min": 31.69188047250112,
  "timestamp": "2026-04-14T15:02:51.449508",
  "moe": {
    "aggregate_pr": 16.952583370503774,
    "per_path_mean_pr": 3.80329568343469,
    "per_path_median_pr": 3.611501008011473,
    "ratio": 4.457340365184069
  },
  "qwen25-7B-base": {
    "pr_last": 13.269073961529008,
    "s_last": -0.11035633766557171
  },
  "llama31-8B-base": {
    "pr_last": 5.236893938011097,
    "s_last": -0.1510078561666042
  },
  "mistral-7B-base": {
    "pr_last": 4.78224071459838,
    "s_last": -0.13329907553266204
  }
}