{
  "experiment": "Exp 7C: PR Probe Calibration — Qwen3-0.6B",
  "model_size": "0.6B",
  "n_repeats": 10,
  "n_probes": 30,
  "seq_len": 64,
  "checkpoints": [
    {
      "step": 0,
      "model_size": "0.6B",
      "method_a_fixed_seed": {
        "values": [
          14.078163244244147,
          15.188507777873214,
          11.96706407647462,
          17.46636673322798,
          16.008075955906047,
          18.93919992358545,
          16.276758590807805,
          15.112436536078727,
          11.78164713384538,
          16.162541506965116
        ],
        "mean": 15.298076147900849,
        "std": 2.1251836400013127,
        "min": 11.78164713384538,
        "max": 18.93919992358545,
        "cv": 0.1389183593711503
      },
      "method_b_variable_seed": {
        "values": [
          16.243472373213276,
          16.32460296115117,
          20.085012724920805,
          14.471091462446289,
          15.669827367177962,
          12.287459052510393,
          17.39511764056407,
          18.81048874145714,
          15.159423304164621,
          17.040698075247313
        ],
        "mean": 16.348719370285306,
        "std": 2.0856720807039877,
        "min": 12.287459052510393,
        "max": 20.085012724920805,
        "cv": 0.12757403399405162
      },
      "method_c_fixed_prompts": {
        "values": [
          3.2663645289260157,
          3.2663645289260157,
          3.2663645289260157,
          3.2663645289260157,
          3.2663645289260157,
          3.2663645289260157,
          3.2663645289260157,
          3.2663645289260157,
          3.2663645289260157,
          3.2663645289260157
        ],
        "mean": 3.266364528926016,
        "std": 4.440892098500626e-16,
        "min": 3.2663645289260157,
        "max": 3.2663645289260157,
        "cv": 1.3595825141907218e-16
      }
    },
    {
      "step": 200,
      "model_size": "0.6B",
      "method_a_fixed_seed": {
        "values": [
          14.22453723225943,
          15.219349607511694,
          12.095244368181303,
          17.482778383914457,
          15.988119863453125,
          18.951106692427533,
          16.32728302660947,
          14.986927398618345,
          11.752665250497454,
          16.220798912935134
        ],
        "mean": 15.324881073640793,
        "std": 2.1114161708403647,
        "min": 11.752665250497454,
        "max": 18.951106692427533,
        "cv": 0.1377770020331223
      },
      "method_b_variable_seed": {
        "values": [
          15.630334055336576,
          11.358833443602078,
          18.089289270909916,
          16.55656748480755,
          13.375463219124349,
          14.742374509053388,
          17.250219450258864,
          17.967197068224092,
          14.10884231815607,
          12.376640265841388
        ],
        "mean": 15.145576108531426,
        "std": 2.228441526803741,
        "min": 11.358833443602078,
        "max": 18.089289270909916,
        "cv": 0.1471348142081219
      },
      "method_c_fixed_prompts": {
        "values": [
          3.258456408954845,
          3.258456408954845,
          3.258456408954845,
          3.258456408954845,
          3.258456408954845,
          3.258456408954845,
          3.258456408954845,
          3.258456408954845,
          3.258456408954845,
          3.258456408954845
        ],
        "mean": 3.258456408954845,
        "std": 0.0,
        "min": 3.258456408954845,
        "max": 3.258456408954845,
        "cv": 0.0
      }
    },
    {
      "step": 400,
      "model_size": "0.6B",
      "method_a_fixed_seed": {
        "values": [
          14.19632904745918,
          15.309618247433823,
          12.045270540953153,
          17.518804968702455,
          15.909039180962878,
          18.98108462491596,
          16.34052667309145,
          14.904036663578875,
          11.75221690323427,
          16.299608435297095
        ],
        "mean": 15.325653528562915,
        "std": 2.1324806628472324,
        "min": 11.75221690323427,
        "max": 18.98108462491596,
        "cv": 0.13914451732011685
      },
      "method_b_variable_seed": {
        "values": [
          18.16200758983305,
          13.819001913944806,
          19.706741626888736,
          12.99171241610499,
          14.364447002677277,
          14.91662810407283,
          17.56445377368793,
          17.691888220251457,
          18.109324912843764,
          18.19735329327212
        ],
        "mean": 16.5523558853577,
        "std": 2.181882893742726,
        "min": 12.99171241610499,
        "max": 19.706741626888736,
        "cv": 0.1318170602936849
      },
      "method_c_fixed_prompts": {
        "values": [
          3.2846004963847015,
          3.2846004963847015,
          3.2846004963847015,
          3.2846004963847015,
          3.2846004963847015,
          3.2846004963847015,
          3.2846004963847015,
          3.2846004963847015,
          3.2846004963847015,
          3.2846004963847015
        ],
        "mean": 3.2846004963847015,
        "std": 0.0,
        "min": 3.2846004963847015,
        "max": 3.2846004963847015,
        "cv": 0.0
      }
    },
    {
      "step": 800,
      "model_size": "0.6B",
      "method_a_fixed_seed": {
        "values": [
          14.339639877755829,
          15.317482181532343,
          12.104408159685224,
          17.54917223278703,
          15.974246694303396,
          18.866142988664794,
          16.42510485821726,
          15.054363074392748,
          11.801451625193067,
          16.298691839190475
        ],
        "mean": 15.373070353172215,
        "std": 2.094640693548306,
        "min": 11.801451625193067,
        "max": 18.866142988664794,
        "cv": 0.1362538936872867
      },
      "method_b_variable_seed": {
        "values": [
          15.04248201279489,
          17.787220713308205,
          15.090463216731445,
          17.000472451680615,
          17.396588982994192,
          15.620214708211263,
          17.24892416768719,
          17.882354298799427,
          13.998855325633235,
          16.04296936638615
        ],
        "mean": 16.311054524422662,
        "std": 1.2718429541915617,
        "min": 13.998855325633235,
        "max": 17.882354298799427,
        "cv": 0.07797429358642766
      },
      "method_c_fixed_prompts": {
        "values": [
          3.2717394827596777,
          3.2717394827596777,
          3.2717394827596777,
          3.2717394827596777,
          3.2717394827596777,
          3.2717394827596777,
          3.2717394827596777,
          3.2717394827596777,
          3.2717394827596777,
          3.2717394827596777
        ],
        "mean": 3.2717394827596777,
        "std": 0.0,
        "min": 3.2717394827596777,
        "max": 3.2717394827596777,
        "cv": 0.0
      }
    }
  ],
  "elapsed_min": 1.9842319091161091
}