{
  "experiment": "Exp 7C: PR Probe Calibration — Qwen3-1.7B",
  "model_size": "1.7B",
  "n_repeats": 10,
  "n_probes": 30,
  "seq_len": 64,
  "checkpoints": [
    {
      "step": 0,
      "model_size": "1.7B",
      "method_a_fixed_seed": {
        "values": [
          5.392275997869755,
          9.54570709404637,
          5.741847675513823,
          11.173676230148157,
          10.839462111161804,
          14.11060040530979,
          11.202607358168601,
          10.619472469409502,
          4.621811314648303,
          8.629881845158694
        ],
        "mean": 9.18773425014348,
        "std": 2.9083157217194735,
        "min": 4.621811314648303,
        "max": 14.11060040530979,
        "cv": 0.31654330028908445
      },
      "method_b_variable_seed": {
        "values": [
          12.956968875201122,
          10.711621855490312,
          4.8767327011093125,
          5.873446493731823,
          13.023299398858132,
          8.554546738982909,
          8.644675104189426,
          9.690392675587786,
          10.510357514721195,
          6.216825396888508
        ],
        "mean": 9.105886675476054,
        "std": 2.6882579378307168,
        "min": 4.8767327011093125,
        "max": 13.023299398858132,
        "cv": 0.2952219848145843
      },
      "method_c_fixed_prompts": {
        "values": [
          2.5074541655066187,
          2.5074541655066187,
          2.5074541655066187,
          2.5074541655066187,
          2.5074541655066187,
          2.5074541655066187,
          2.5074541655066187,
          2.5074541655066187,
          2.5074541655066187,
          2.5074541655066187
        ],
        "mean": 2.5074541655066187,
        "std": 0.0,
        "min": 2.5074541655066187,
        "max": 2.5074541655066187,
        "cv": 0.0
      }
    },
    {
      "step": 200,
      "model_size": "1.7B",
      "method_a_fixed_seed": {
        "values": [
          5.418987188941686,
          9.715986016319603,
          5.7671666608749526,
          11.340843288336671,
          10.92605757875612,
          14.058761594530091,
          11.419835130400635,
          10.676904027146662,
          4.706951659811581,
          8.607682063533135
        ],
        "mean": 9.263917520865112,
        "std": 2.9175859217076847,
        "min": 4.706951659811581,
        "max": 14.058761594530091,
        "cv": 0.3149408352499263
      },
      "method_b_variable_seed": {
        "values": [
          11.596042241155523,
          7.204521517160452,
          12.069341679340585,
          13.444340449531758,
          9.362118967677068,
          11.065225697367927,
          9.60648471954514,
          10.125965477930222,
          11.25664789867174,
          11.791280581702715
        ],
        "mean": 10.752196923008313,
        "std": 1.6537797444281985,
        "min": 7.204521517160452,
        "max": 13.444340449531758,
        "cv": 0.15380854315356923
      },
      "method_c_fixed_prompts": {
        "values": [
          2.5026262890496436,
          2.5026262890496436,
          2.5026262890496436,
          2.5026262890496436,
          2.5026262890496436,
          2.5026262890496436,
          2.5026262890496436,
          2.5026262890496436,
          2.5026262890496436,
          2.5026262890496436
        ],
        "mean": 2.5026262890496436,
        "std": 0.0,
        "min": 2.5026262890496436,
        "max": 2.5026262890496436,
        "cv": 0.0
      }
    },
    {
      "step": 400,
      "model_size": "1.7B",
      "method_a_fixed_seed": {
        "values": [
          5.422969987985816,
          9.752168206849753,
          5.790357936782236,
          11.157778582383798,
          10.944294354725168,
          14.034629536941917,
          11.25644186411002,
          10.716059160260505,
          4.702696429115026,
          8.591931001314798
        ],
        "mean": 9.236932706046904,
        "std": 2.8905854520941743,
        "min": 4.702696429115026,
        "max": 14.034629536941917,
        "cv": 0.3129378056637643
      },
      "method_b_variable_seed": {
        "values": [
          10.30190525730433,
          8.614721576855674,
          4.071960904171119,
          11.364207206266626,
          10.560577733388264,
          8.821845804359821,
          7.089419909183321,
          10.854246604042002,
          5.940248659655662,
          7.397623275373512
        ],
        "mean": 8.501675693060033,
        "std": 2.2521223017724354,
        "min": 4.071960904171119,
        "max": 11.364207206266626,
        "cv": 0.2649033417742406
      },
      "method_c_fixed_prompts": {
        "values": [
          2.5624482790163396,
          2.5624482790163396,
          2.5624482790163396,
          2.5624482790163396,
          2.5624482790163396,
          2.5624482790163396,
          2.5624482790163396,
          2.5624482790163396,
          2.5624482790163396,
          2.5624482790163396
        ],
        "mean": 2.5624482790163396,
        "std": 0.0,
        "min": 2.5624482790163396,
        "max": 2.5624482790163396,
        "cv": 0.0
      }
    },
    {
      "step": 800,
      "model_size": "1.7B",
      "method_a_fixed_seed": {
        "values": [
          5.434237956608713,
          9.66044517904293,
          5.844638229022319,
          11.23305874234413,
          10.94799690007682,
          14.150907994272824,
          11.377358677642636,
          10.66504435793868,
          4.725283430062466,
          8.504219584494793
        ],
        "mean": 9.254319105150632,
        "std": 2.910612925529735,
        "min": 4.725283430062466,
        "max": 14.150907994272824,
        "cv": 0.31451400070155233
      },
      "method_b_variable_seed": {
        "values": [
          13.670801199290212,
          7.2255009313290826,
          5.3223349430867035,
          8.349407246001968,
          11.438519784333444,
          10.753587611107566,
          13.951653876147533,
          5.468714006158931,
          11.504037629833434,
          12.777492786240835
        ],
        "mean": 10.04620500135297,
        "std": 3.074381795929791,
        "min": 5.3223349430867035,
        "max": 13.951653876147533,
        "cv": 0.30602419475968784
      },
      "method_c_fixed_prompts": {
        "values": [
          2.5724848883700386,
          2.5724848883700386,
          2.5724848883700386,
          2.5724848883700386,
          2.5724848883700386,
          2.5724848883700386,
          2.5724848883700386,
          2.5724848883700386,
          2.5724848883700386,
          2.5724848883700386
        ],
        "mean": 2.5724848883700386,
        "std": 0.0,
        "min": 2.5724848883700386,
        "max": 2.5724848883700386,
        "cv": 0.0
      }
    }
  ],
  "elapsed_min": 2.0063398559888204
}