{
  "experiment": "Exp 7A: IFEval OOD Probe — Qwen3-1.7B",
  "model_size": "1.7B",
  "checkpoints": [
    {
      "step": 0,
      "model_size": "1.7B",
      "pr": 13.824309472171723,
      "ifeval": {
        "ifeval/prompt_level_strict_acc,none": 0.1589648798521257,
        "ifeval/prompt_level_strict_acc_stderr,none": 0.015734783762341237,
        "ifeval/inst_level_strict_acc,none": 0.2829736211031175,
        "ifeval/prompt_level_loose_acc,none": 0.19038817005545286,
        "ifeval/prompt_level_loose_acc_stderr,none": 0.01689512940763452,
        "ifeval/inst_level_loose_acc,none": 0.3105515587529976
      }
    },
    {
      "step": 200,
      "model_size": "1.7B",
      "pr": 3.3075832043950424,
      "ifeval": {
        "ifeval/prompt_level_strict_acc,none": 0.14972273567467653,
        "ifeval/prompt_level_strict_acc_stderr,none": 0.01535420307378579,
        "ifeval/inst_level_strict_acc,none": 0.2745803357314149,
        "ifeval/prompt_level_loose_acc,none": 0.1922365988909427,
        "ifeval/prompt_level_loose_acc_stderr,none": 0.016957555343212673,
        "ifeval/inst_level_loose_acc,none": 0.3117505995203837
      }
    },
    {
      "step": 400,
      "model_size": "1.7B",
      "pr": 3.2853615402069845,
      "ifeval": {
        "ifeval/prompt_level_strict_acc,none": 0.17190388170055454,
        "ifeval/prompt_level_strict_acc_stderr,none": 0.016236272672335707,
        "ifeval/inst_level_strict_acc,none": 0.28177458033573144,
        "ifeval/prompt_level_loose_acc,none": 0.20702402957486138,
        "ifeval/prompt_level_loose_acc_stderr,none": 0.01743586558799655,
        "ifeval/inst_level_loose_acc,none": 0.3129496402877698
      }
    },
    {
      "step": 800,
      "model_size": "1.7B",
      "pr": 3.3133310557758913,
      "ifeval": {
        "ifeval/prompt_level_strict_acc,none": 0.16081330868761554,
        "ifeval/prompt_level_strict_acc_stderr,none": 0.01580859988860707,
        "ifeval/inst_level_strict_acc,none": 0.290167865707434,
        "ifeval/prompt_level_loose_acc,none": 0.19038817005545286,
        "ifeval/prompt_level_loose_acc_stderr,none": 0.016895129407634515,
        "ifeval/inst_level_loose_acc,none": 0.31654676258992803
      }
    }
  ],
  "correlations": {
    "pr_vs_ifeval/inst_level_loose_acc,none": {
      "rho": -0.39999999999999997,
      "pvalue": 0.6
    },
    "pr_vs_ifeval/inst_level_strict_acc,none": {
      "rho": 0.6000000000000001,
      "pvalue": 0.3999999999999999
    },
    "pr_vs_ifeval/prompt_level_loose_acc,none": {
      "rho": -0.9486832980505139,
      "pvalue": 0.05131670194948612
    },
    "pr_vs_ifeval/prompt_level_loose_acc_stderr,none": {
      "rho": -0.7999999999999999,
      "pvalue": 0.20000000000000007
    },
    "pr_vs_ifeval/prompt_level_strict_acc,none": {
      "rho": -0.39999999999999997,
      "pvalue": 0.6
    },
    "pr_vs_ifeval/prompt_level_strict_acc_stderr,none": {
      "rho": -0.39999999999999997,
      "pvalue": 0.6
    }
  },
  "elapsed_min": 364.7979070266088
}