{
  "step": 800,
  "model_size": "1.7B",
  "pr": 3.3133310557758913,
  "ifeval": {
    "ifeval/prompt_level_strict_acc,none": 0.16081330868761554,
    "ifeval/prompt_level_strict_acc_stderr,none": 0.01580859988860707,
    "ifeval/inst_level_strict_acc,none": 0.290167865707434,
    "ifeval/prompt_level_loose_acc,none": 0.19038817005545286,
    "ifeval/prompt_level_loose_acc_stderr,none": 0.016895129407634515,
    "ifeval/inst_level_loose_acc,none": 0.31654676258992803
  }
}