{
  "model_tag": "qwen3-8B",
  "mode": "think_on",
  "thinking": true,
  "n_layers": 36,
  "n_prompts": 30,
  "s_curve": [
    -0.08464352664266818,
    -0.0763142435041289,
    -0.07836766593091504,
    -0.07600385419543976,
    -0.07927053245395835,
    -0.08233516929148338,
    -0.07259618022906184,
    -0.07200279370476784,
    -0.06443590820190344,
    -0.06551912684295566,
    -0.06601835169996578,
    -0.06884756652195283,
    -0.06880744468465842,
    -0.07036776609739247,
    -0.07021038680893847,
    -0.07224531674164444,
    -0.07257469468488588,
    -0.07061484516013783,
    -0.06874968445787644,
    -0.06766585014685046,
    -0.06700294487937938,
    -0.0649304070024653,
    -0.06499741937225724,
    -0.06402467709652813,
    -0.06463631679285327,
    -0.06195937324234005,
    -0.05837174821777584,
    -0.058238151990505874,
    -0.060655740169152865,
    -0.06420621976996053,
    -0.06788782927339061,
    -0.0674463384177906,
    -0.06801874794193048,
    -0.0674976439685275,
    -0.07291049597590218,
    -0.08562715475051552
  ],
  "pr_curve": [
    16.641192027391277,
    18.104518820807918,
    18.265211717953633,
    18.536135897072278,
    17.471453109145994,
    16.403249292960297,
    17.724532152190896,
    17.87223866142421,
    18.90678105713641,
    18.93264811851657,
    19.51429631412296,
    19.487094222815866,
    19.573368176820566,
    19.41341946654289,
    19.389364522752725,
    19.16813824758079,
    19.0804971943326,
    19.529525238564784,
    19.594288854142373,
    19.305912318842747,
    19.36351226565387,
    19.879753077162043,
    19.818582035068157,
    20.012523571304115,
    19.510955316815732,
    20.306343628804836,
    20.91611353276631,
    21.162637809020605,
    20.814391665655464,
    19.998223576346195,
    18.84996356060564,
    18.821323570459242,
    18.660907916067092,
    18.745349593628323,
    16.50261216292191,
    9.160035746569264
  ],
  "s_first": -0.08464352664266818,
  "s_last": -0.08562715475051552,
  "delta_s": -0.0009836281078473424,
  "timestamp": "2026-04-14T12:20:28.537839"
}