{
  "model_tag": "qwen3-8B",
  "mode": "think_off",
  "thinking": false,
  "n_layers": 36,
  "n_prompts": 30,
  "s_curve": [
    -0.15110311648101926,
    -0.1453469229796151,
    -0.14022104768126853,
    -0.13145777131280634,
    -0.12311275739719257,
    -0.11513428698743455,
    -0.09685925388525804,
    -0.09441789252988564,
    -0.09559037920761326,
    -0.09938210403953689,
    -0.10104778269076464,
    -0.10156593453186208,
    -0.0993912261750651,
    -0.10088688245793072,
    -0.10025652745765792,
    -0.10030037772798067,
    -0.09891627806935704,
    -0.09497607782994194,
    -0.09333831440489025,
    -0.09127641924958249,
    -0.08738304573306807,
    -0.08490831645431132,
    -0.087919166552063,
    -0.08386692524498272,
    -0.08414656485088037,
    -0.08079778956977042,
    -0.07767258143953608,
    -0.07532881080720355,
    -0.07359761452171437,
    -0.07460976606393174,
    -0.07934296265428473,
    -0.07890796556820841,
    -0.08156632772521762,
    -0.08297631541817262,
    -0.09639508893763384,
    -0.11498670551615225
  ],
  "pr_curve": [
    11.409491578745437,
    12.35437372314243,
    12.084351451399671,
    12.72882662841701,
    10.80342902293221,
    8.482898919281329,
    9.56679443313895,
    9.965521597616664,
    10.809378911647663,
    10.709381684808934,
    10.969647630206506,
    11.110150718880403,
    11.483894648031413,
    11.07939495126554,
    10.889982794089754,
    10.81730763936836,
    10.598784969933982,
    10.623723114594606,
    10.281221431007737,
    9.575495144136022,
    9.315165958504366,
    9.662870099840442,
    9.858490920154685,
    9.977014085674094,
    9.901775621646921,
    10.876269998929448,
    11.963092688611997,
    13.198213484213388,
    14.308954628618912,
    14.56356793526237,
    13.766306627818906,
    13.522357802713286,
    12.952217525565827,
    12.301486114084874,
    8.070851685647035,
    4.3848862097624375
  ],
  "s_first": -0.15110311648101926,
  "s_last": -0.11498670551615225,
  "delta_s": 0.03611641096486701,
  "timestamp": "2026-04-14T12:06:55.370305"
}